Mes,Año,Empresa,Tarifa,Abonados,Ventas,"Ingreso sin CVG","Ingreso con CVG","Precio Medio sin CVG","Precio Medio con CVG",Trimestre,Sistema,Trimestral
"Agosto    ",2026,CNFL,"Alumbrado Público",0,5105827.3,238794304.59,238794304.59,46.77,46.77,"III Trimestre",Distribucion,"2026 3"
"Agosto    ",2026,COOPESANTOS,Residencial,49920,7469712,656835700,634413800,87.93,84.93,"III Trimestre",Distribucion,"2026 3"
"Agosto    ",2026,COOPELESCA,Residencial,110891,22453360,1823769000,1750596000,81.22,77.97,"III Trimestre",Distribucion,"2026 3"
"Agosto    ",2026,COOPEGUANACASTE,Residencial,83882,35294740,2794030000,2699815000,79.16,76.49,"III Trimestre",Distribucion,"2026 3"
"Agosto    ",2026,COOPEALFARORUIZ,Residencial,6008,1270993,95740380,89545050,75.33,70.45,"III Trimestre",Distribucion,"2026 3"
"Agosto    ",2026,CNFL,Residencial,543503,131958300,9633953000,9244840000,73.01,70.06,"III Trimestre",Distribucion,"2026 3"
"Agosto    ",2026,"TOTAL NACIONAL",Promocional,30,529051,42232040,40508810,79.83,76.57,"III Trimestre",Distribucion,"2026 3"
"Agosto    ",2026,ESPH,Residencial,86025,23177930,1807138000,1744647000,77.97,75.27,"III Trimestre",Distribucion,"2026 3"
"Agosto    ",2026,CNFL,Promocional,30,529051,42232040,40508810,79.83,76.57,"III Trimestre",Distribucion,"2026 3"
"Agosto    ",2026,JASEC,Preferencial,678,1016725,60887360,60321100,59.89,59.33,"III Trimestre",Distribucion,"2026 3"
"Agosto    ",2026,ICE,Preferencial,6709,10387988,837302100,799767300,80.6,76.99,"III Trimestre",Distribucion,"2026 3"
"Agosto    ",2026,ESPH,Preferencial,967,4374137,260969060,251939660,59.66,57.6,"III Trimestre",Distribucion,"2026 3"
"Agosto    ",2026,COOPESANTOS,Preferencial,509,179962.8,23902350,23087090,132.82,128.29,"III Trimestre",Distribucion,"2026 3"
"Agosto    ",2026,CNFL,Preferencial,3303,13781552,763784000,732961300,55.42,53.18,"III Trimestre",Distribucion,"2026 3"
"Agosto    ",2026,"TOTAL NACIONAL","Media tensión b",412,143094381,7907583800,7606271700,55.26,53.16,"III Trimestre",Distribucion,"2026 3"
"Agosto    ",2026,"TOTAL NACIONAL",Preferencial,12166,29740364.8,1946844870,1868076450,65.46,62.81,"III Trimestre",Distribucion,"2026 3"
"Agosto    ",2026,ICE,Residencial,814350,177419400,15157270000,14478410000,85.43,81.61,"III Trimestre",Distribucion,"2026 3"
"Agosto    ",2026,JASEC,Residencial,95833,23106090,1562168000,1547640000,67.61,66.98,"III Trimestre",Distribucion,"2026 3"
"Agosto    ",2026,"TOTAL NACIONAL",Residencial,1790412,422150525,33530904080,32189906850,79.43,76.25,"III Trimestre",Distribucion,"2026 3"
"Agosto    ",2026,ESPH,"Ventas al servicio de Distribución",0,7414662,445329205.71,410731130.96,60.06,55.39,"III Trimestre",Generacion,"2026 3"
"Agosto    ",2026,COOPESANTOS,"Ventas al servicio de Distribución",0,190931,51735198.27,47637753.3,270.96,249.5,"III Trimestre",Generacion,"2026 3"
"Agosto    ",2026,COOPELESCA,"Ventas al servicio de Distribución",0,1,75462659.46,71520109.07,75462659.46,71520109.07,"III Trimestre",Generacion,"2026 3"
"Agosto    ",2026,COOPEGUANACASTE,"Ventas al servicio de Distribución",0,25606524,1078879883.19,995033694.67,42.13,38.86,"III Trimestre",Generacion,"2026 3"
"Agosto    ",2026,COOPEALFARORUIZ,"Ventas al servicio de Distribución",0,1,11154342.49,10287647.49,11154342.49,10287647.49,"III Trimestre",Generacion,"2026 3"
"Agosto    ",2026,"TOTAL NACIONAL","Ventas a ICE distribución y a la CNFL",0,809807384.97,32470109633.98,29949046413.14,40.1,36.98,"III Trimestre",Generacion,"2026 3"
"Agosto    ",2026,ICE,"Ventas a ICE distribución y a la CNFL",0,493515933.97,19647195869.35,18121721222.77,39.81,36.72,"III Trimestre",Generacion,"2026 3"
"Agosto    ",2026,CNFL,"Ventas a ICE distribución y a la CNFL",0,316291451,12822913764.63,11827325190.37,40.54,37.39,"III Trimestre",Generacion,"2026 3"
"Agosto    ",2026,"Usuarios Directos","Usuarios Directos",16,41213700,1026140000,961626000,24.9,23.33,"III Trimestre",Generacion,"2026 3"
"Agosto    ",2026,"TOTAL NACIONAL","Residencial modalidad prepago",4,335.27,25902.02,24862.72,77.26,74.16,"III Trimestre",Distribucion,"2026 3"
"Agosto    ",2026,COOPELESCA,"Residencial modalidad prepago",4,335.27,25902.02,24862.72,77.26,74.16,"III Trimestre",Distribucion,"2026 3"
"Agosto    ",2026,"TOTAL NACIONAL","Residencial horaria",10665,6296526,402535892,386222548,63.93,61.34,"III Trimestre",Distribucion,"2026 3"
"Agosto    ",2026,ESPH,"Residencial horaria",50,32178,2450692,2365968,76.16,73.53,"III Trimestre",Distribucion,"2026 3"
"Agosto    ",2026,ICE,"Residencial horaria",282,187396,17324800,16548980,92.45,88.31,"III Trimestre",Distribucion,"2026 3"
"Agosto    ",2026,CNFL,"Residencial horaria",10333,6076952,382760400,367307600,62.99,60.44,"III Trimestre",Distribucion,"2026 3"
"Agosto    ",2026,ESPH,"Media tensión b",9,7022598,395365400,381686900,56.3,54.35,"III Trimestre",Distribucion,"2026 3"
"Agosto    ",2026,ICE,"Media tensión b",237,80380130,4357143000,4161935000,54.21,51.78,"III Trimestre",Distribucion,"2026 3"
"Agosto    ",2026,JASEC,"Media tensión b",25,19141740,1035551000,1025921000,54.1,53.6,"III Trimestre",Distribucion,"2026 3"
"Agosto    ",2026,COOPELESCA,"Media tensión b",13,7020573,432968400,418291800,61.67,59.58,"III Trimestre",Distribucion,"2026 3"
"Agosto    ",2026,ICE,"Comercios y servicios",120602,105035586,10648588800,10171237980,101.38,96.84,"III Trimestre",Distribucion,"2026 3"
"Agosto    ",2026,ESPH,"Comercios y servicios",11889,18041276,1459716592,1409065068,80.91,78.1,"III Trimestre",Distribucion,"2026 3"
"Agosto    ",2026,COOPESANTOS,"Comercios y servicios",4159,2234256.3,338836050,327274600,151.65,146.48,"III Trimestre",Distribucion,"2026 3"
"Agosto    ",2026,COOPELESCA,"Comercios y servicios",15155,19800393,1765452800,1694424400,89.16,85.58,"III Trimestre",Distribucion,"2026 3"
"Agosto    ",2026,COOPEGUANACASTE,"Comercios y servicios",20235,31229693,2655678500,2566100300,85.04,82.17,"III Trimestre",Distribucion,"2026 3"
"Agosto    ",2026,COOPEALFARORUIZ,"Comercios y servicios",2432,1305740,125966750,117820510,96.47,90.23,"III Trimestre",Distribucion,"2026 3"
"Agosto    ",2026,CNFL,"Comercios y servicios",77026,102644270,10062881000,9655593000,98.04,94.07,"III Trimestre",Distribucion,"2026 3"
"Agosto    ",2026,"TOTAL NACIONAL","Alumbrado Público",0,21323650.25,939688932.35,939688932.35,44.07,44.07,"III Trimestre",Distribucion,"2026 3"
"Agosto    ",2026,JASEC,"Alumbrado Público",0,1283401.76,58764271.37,58764271.37,45.79,45.79,"III Trimestre",Distribucion,"2026 3"
"Agosto    ",2026,ICE,"Alumbrado Público",0,12231267,526766667.43,526766667.43,43.07,43.07,"III Trimestre",Distribucion,"2026 3"
"Agosto    ",2026,ESPH,"Alumbrado Público",0,641500.16,29079202.12,29079202.12,45.33,45.33,"III Trimestre",Distribucion,"2026 3"
"Agosto    ",2026,COOPESANTOS,"Alumbrado Público",0,404284,20137316.9,20137316.9,49.81,49.81,"III Trimestre",Distribucion,"2026 3"
"Agosto    ",2026,COOPELESCA,"Alumbrado Público",0,913000.28,37705138.75,37705138.75,41.3,41.3,"III Trimestre",Distribucion,"2026 3"
"Agosto    ",2026,COOPEGUANACASTE,"Alumbrado Público",0,708772.24,26919169.68,26919169.68,37.98,37.98,"III Trimestre",Distribucion,"2026 3"
"Agosto    ",2026,COOPEALFARORUIZ,"Alumbrado Público",0,35597.51,1522861.52,1522861.52,42.78,42.78,"III Trimestre",Distribucion,"2026 3"
"Agosto    ",2026,JASEC,"Comercios y servicios",16503,12080148,1018122400,1008653900,84.28,83.5,"III Trimestre",Distribucion,"2026 3"
"Agosto    ",2026,JASEC,"Ventas al servicio de Distribución",0,54226398,2205928643.11,2034509770.53,40.68,37.52,"III Trimestre",Generacion,"2026 3"
"Agosto    ",2026,"TOTAL NACIONAL","Comercios y servicios",268001,292371362.3,28075242892,26950169758,96.03,92.18,"III Trimestre",Distribucion,"2026 3"
"Agosto    ",2026,COOPEALFARORUIZ,Industrial,28,245006,22153352,20715964,90.42,84.55,"III Trimestre",Distribucion,"2026 3"
"Agosto    ",2026,CNFL,"Media tensión b",128,29529340,1686556000,1618437000,57.11,54.81,"III Trimestre",Distribucion,"2026 3"
"Agosto    ",2026,"TOTAL NACIONAL","Media tensión a",812,87954165.8,5892076850,5656235430,66.99,64.31,"III Trimestre",Distribucion,"2026 3"
"Agosto    ",2026,JASEC,"Media tensión a",32,8773262,529131700,524210800,60.31,59.75,"III Trimestre",Distribucion,"2026 3"
"Agosto    ",2026,ICE,"Media tensión a",552,52649360,3451703000,3297052000,65.56,62.62,"III Trimestre",Distribucion,"2026 3"
"Agosto    ",2026,ESPH,"Media tensión a",6,680064,43898080,42377360,64.55,62.31,"III Trimestre",Distribucion,"2026 3"
"Agosto    ",2026,COOPESANTOS,"Media tensión a",8,309609.8,31437490,30365740,101.54,98.08,"III Trimestre",Distribucion,"2026 3"
"Agosto    ",2026,COOPELESCA,"Media tensión a",2,1053620,70063580,67673530,66.5,64.23,"III Trimestre",Distribucion,"2026 3"
"Agosto    ",2026,CNFL,"Media tensión a",212,24488250,1765843000,1694556000,72.11,69.2,"III Trimestre",Distribucion,"2026 3"
"Agosto    ",2026,"TOTAL NACIONAL",Industrial,7268,32972599.67,3146518786,3031257700,95.43,91.93,"III Trimestre",Distribucion,"2026 3"
"Agosto    ",2026,JASEC,Industrial,557,5607759,469386550,465021200,83.7,82.92,"III Trimestre",Distribucion,"2026 3"
"Agosto    ",2026,ICE,Industrial,2903,10331702,1057623600,1010224300,102.37,97.78,"III Trimestre",Distribucion,"2026 3"
"Agosto    ",2026,ESPH,Industrial,337,3717255,279823290,270153620,75.28,72.68,"III Trimestre",Distribucion,"2026 3"
"Agosto    ",2026,COOPESANTOS,Industrial,209,168636.23,27531450,26608250,163.26,157.78,"III Trimestre",Distribucion,"2026 3"
"Agosto    ",2026,COOPELESCA,Industrial,1641,6137580,569681700,546634000,92.82,89.06,"III Trimestre",Distribucion,"2026 3"
"Agosto    ",2026,COOPEGUANACASTE,Industrial,226,984804.44,107265544,103648006,108.92,105.25,"III Trimestre",Distribucion,"2026 3"
"Agosto    ",2026,CNFL,Industrial,1367,5779857,613053300,588252360,106.07,101.78,"III Trimestre",Distribucion,"2026 3"
"Agosto    ",2026,"TOTAL NACIONAL","Ventas al servicio de Distribución",0,87438517,3868489932.23,3569720106.02,44.24,40.83,"III Trimestre",Generacion,"2026 3"
"Julio     ",2026,CNFL,"Alumbrado Público",0,5069201.45,237127974.38,237127974.38,46.78,46.78,"III Trimestre",Distribucion,"2026 3"
"Julio     ",2026,COOPESANTOS,Residencial,49964,7324862,641647500,619743400,87.6,84.61,"III Trimestre",Distribucion,"2026 3"
"Julio     ",2026,COOPELESCA,Residencial,110516,22385070,1818316000,1745361000,81.23,77.97,"III Trimestre",Distribucion,"2026 3"
"Julio     ",2026,COOPEGUANACASTE,Residencial,83715,32415650,2544210000,2458421000,78.49,75.84,"III Trimestre",Distribucion,"2026 3"
"Julio     ",2026,COOPEALFARORUIZ,Residencial,6002,1191746,89149460,83380600,74.81,69.97,"III Trimestre",Distribucion,"2026 3"
"Julio     ",2026,CNFL,Residencial,543127,131720100,9607348000,9219149000,72.94,69.99,"III Trimestre",Distribucion,"2026 3"
"Julio     ",2026,"TOTAL NACIONAL",Promocional,30,582315,45921330,44045610,78.86,75.64,"III Trimestre",Distribucion,"2026 3"
"Julio     ",2026,ESPH,Residencial,85968,23331720,1820101000,1757158000,78.01,75.31,"III Trimestre",Distribucion,"2026 3"
"Julio     ",2026,CNFL,Promocional,30,582315,45921330,44045610,78.86,75.64,"III Trimestre",Distribucion,"2026 3"
"Julio     ",2026,JASEC,Preferencial,678,964486,57280660,56747950,59.39,58.84,"III Trimestre",Distribucion,"2026 3"
"Julio     ",2026,ICE,Preferencial,6726,9937837,805797700,769675500,81.08,77.45,"III Trimestre",Distribucion,"2026 3"
"Julio     ",2026,ESPH,Preferencial,972,4519863,268661760,259360510,59.44,57.38,"III Trimestre",Distribucion,"2026 3"
"Julio     ",2026,COOPESANTOS,Preferencial,513,154480.4,20303220,19610760,131.43,126.95,"III Trimestre",Distribucion,"2026 3"
"Julio     ",2026,CNFL,Preferencial,3325,13645057,754545200,724104800,55.3,53.07,"III Trimestre",Distribucion,"2026 3"
"Julio     ",2026,"TOTAL NACIONAL","Media tensión b",413,142805134,7885782100,7582365700,55.22,53.1,"III Trimestre",Distribucion,"2026 3"
"Julio     ",2026,"TOTAL NACIONAL",Preferencial,12214,29221723.4,1906588540,1829499520,65.25,62.61,"III Trimestre",Distribucion,"2026 3"
"Julio     ",2026,ICE,Residencial,813833,172014000,14620180000,13965370000,84.99,81.19,"III Trimestre",Distribucion,"2026 3"
"Julio     ",2026,JASEC,Residencial,95742,23052240,1558127000,1543637000,67.59,66.96,"III Trimestre",Distribucion,"2026 3"
"Julio     ",2026,"TOTAL NACIONAL",Residencial,1788867,413435388,32699078960,31392220000,79.09,75.93,"III Trimestre",Distribucion,"2026 3"
"Julio     ",2026,ESPH,"Ventas al servicio de Distribución",0,7975658,476108650.97,439115531.98,59.7,55.06,"III Trimestre",Generacion,"2026 3"
"Julio     ",2026,COOPESANTOS,"Ventas al servicio de Distribución",0,1056227,61382871.1,56612254.92,58.12,53.6,"III Trimestre",Generacion,"2026 3"
"Julio     ",2026,COOPELESCA,"Ventas al servicio de Distribución",0,1,124181785.01,116269992.45,124181785.01,116269992.45,"III Trimestre",Generacion,"2026 3"
"Julio     ",2026,COOPEGUANACASTE,"Ventas al servicio de Distribución",0,31421170,1299373595.56,1198620882.96,41.35,38.15,"III Trimestre",Generacion,"2026 3"
"Julio     ",2026,COOPEALFARORUIZ,"Ventas al servicio de Distribución",0,1,5950096.62,5487772.74,5950096.62,5487772.74,"III Trimestre",Generacion,"2026 3"
"Julio     ",2026,"TOTAL NACIONAL","Ventas a ICE distribución y a la CNFL",0,811713098.92,32513924361.39,29989467211.48,40.06,36.95,"III Trimestre",Generacion,"2026 3"
"Julio     ",2026,ICE,"Ventas a ICE distribución y a la CNFL",0,489858032.92,19470419315.27,17958673772.83,39.75,36.66,"III Trimestre",Generacion,"2026 3"
"Julio     ",2026,CNFL,"Ventas a ICE distribución y a la CNFL",0,321855066,13043505046.12,12030793438.65,40.53,37.38,"III Trimestre",Generacion,"2026 3"
"Julio     ",2026,"Usuarios Directos","Usuarios Directos",16,38259390,979240800,918179700,25.59,24,"III Trimestre",Generacion,"2026 3"
"Julio     ",2026,"TOTAL NACIONAL","Residencial modalidad prepago",4,360.41,29642.75,28452.88,82.25,78.95,"III Trimestre",Distribucion,"2026 3"
"Julio     ",2026,COOPELESCA,"Residencial modalidad prepago",4,360.41,29642.75,28452.88,82.25,78.95,"III Trimestre",Distribucion,"2026 3"
"Julio     ",2026,"TOTAL NACIONAL","Residencial horaria",10570,6187382,396571936,380485436,64.09,61.49,"III Trimestre",Distribucion,"2026 3"
"Julio     ",2026,ESPH,"Residencial horaria",40,26416,1987406,1918696,75.23,72.63,"III Trimestre",Distribucion,"2026 3"
"Julio     ",2026,ICE,"Residencial horaria",262,179035,16200930,15475440,90.49,86.44,"III Trimestre",Distribucion,"2026 3"
"Julio     ",2026,CNFL,"Residencial horaria",10268,5981931,378383600,363091300,63.25,60.7,"III Trimestre",Distribucion,"2026 3"
"Julio     ",2026,ESPH,"Media tensión b",9,7514162,418844000,404377800,55.74,53.82,"III Trimestre",Distribucion,"2026 3"
"Julio     ",2026,ICE,"Media tensión b",237,79743590,4320006000,4126463000,54.17,51.75,"III Trimestre",Distribucion,"2026 3"
"Julio     ",2026,JASEC,"Media tensión b",25,18779270,1017149000,1007689000,54.16,53.66,"III Trimestre",Distribucion,"2026 3"
"Julio     ",2026,COOPELESCA,"Media tensión b",14,6156802,396024100,380101900,64.32,61.74,"III Trimestre",Distribucion,"2026 3"
"Julio     ",2026,ICE,"Comercios y servicios",120268,102118745,10385283930,9919740440,101.7,97.14,"III Trimestre",Distribucion,"2026 3"
"Julio     ",2026,ESPH,"Comercios y servicios",11880,17771090,1451140806,1400753496,81.66,78.82,"III Trimestre",Distribucion,"2026 3"
"Julio     ",2026,COOPESANTOS,"Comercios y servicios",4106,2178755.4,329354980,318117040,151.17,146.01,"III Trimestre",Distribucion,"2026 3"
"Julio     ",2026,COOPELESCA,"Comercios y servicios",15105,20058863,1787741800,1715818100,89.12,85.54,"III Trimestre",Distribucion,"2026 3"
"Julio     ",2026,COOPEGUANACASTE,"Comercios y servicios",20252,29041849,2506421100,2421891400,86.3,83.39,"III Trimestre",Distribucion,"2026 3"
"Julio     ",2026,COOPEALFARORUIZ,"Comercios y servicios",2425,1241848,119887260,112143640,96.54,90.3,"III Trimestre",Distribucion,"2026 3"
"Julio     ",2026,CNFL,"Comercios y servicios",76938,103248550,10104379000,9695671000,97.86,93.91,"III Trimestre",Distribucion,"2026 3"
"Julio     ",2026,"TOTAL NACIONAL","Alumbrado Público",0,21296354.44,938413258.68,938413258.68,44.06,44.06,"III Trimestre",Distribucion,"2026 3"
"Julio     ",2026,JASEC,"Alumbrado Público",0,1283258.57,58757714.79,58757714.79,45.79,45.79,"III Trimestre",Distribucion,"2026 3"
"Julio     ",2026,ICE,"Alumbrado Público",0,12242237.28,527239134.23,527239134.23,43.07,43.07,"III Trimestre",Distribucion,"2026 3"
"Julio     ",2026,ESPH,"Alumbrado Público",0,642134.29,29107947.23,29107947.23,45.33,45.33,"III Trimestre",Distribucion,"2026 3"
"Julio     ",2026,COOPESANTOS,"Alumbrado Público",0,403021,20074407.35,20074407.35,49.81,49.81,"III Trimestre",Distribucion,"2026 3"
"Julio     ",2026,COOPELESCA,"Alumbrado Público",0,910925.67,37619461.26,37619461.26,41.3,41.3,"III Trimestre",Distribucion,"2026 3"
"Julio     ",2026,COOPEGUANACASTE,"Alumbrado Público",0,710087.54,26969124.77,26969124.77,37.98,37.98,"III Trimestre",Distribucion,"2026 3"
"Julio     ",2026,COOPEALFARORUIZ,"Alumbrado Público",0,35488.65,1517494.67,1517494.67,42.76,42.76,"III Trimestre",Distribucion,"2026 3"
"Julio     ",2026,JASEC,"Comercios y servicios",16503,12285931,1039225500,1029560700,84.59,83.8,"III Trimestre",Distribucion,"2026 3"
"Julio     ",2026,JASEC,"Ventas al servicio de Distribución",0,54784183,2215166832.11,2043024322.77,40.43,37.29,"III Trimestre",Generacion,"2026 3"
"Julio     ",2026,"TOTAL NACIONAL","Comercios y servicios",267477,287945631.4,27723434376,26613695816,96.28,92.43,"III Trimestre",Distribucion,"2026 3"
"Julio     ",2026,COOPEALFARORUIZ,Industrial,28,258645,23471806,21946717,90.75,84.85,"III Trimestre",Distribucion,"2026 3"
"Julio     ",2026,CNFL,"Media tensión b",128,30611310,1733759000,1663734000,56.64,54.35,"III Trimestre",Distribucion,"2026 3"
"Julio     ",2026,"TOTAL NACIONAL","Media tensión a",807,84801439.1,5733809610,5504360850,67.61,64.91,"III Trimestre",Distribucion,"2026 3"
"Julio     ",2026,JASEC,"Media tensión a",32,8389909,522271200,517414100,62.25,61.67,"III Trimestre",Distribucion,"2026 3"
"Julio     ",2026,ICE,"Media tensión a",550,49905350,3308871000,3160621000,66.3,63.33,"III Trimestre",Distribucion,"2026 3"
"Julio     ",2026,ESPH,"Media tensión a",6,597177,38532450,37197580,64.52,62.29,"III Trimestre",Distribucion,"2026 3"
"Julio     ",2026,COOPESANTOS,"Media tensión a",8,376519.9,36784150,35530350,97.7,94.37,"III Trimestre",Distribucion,"2026 3"
"Julio     ",2026,COOPELESCA,"Media tensión a",2,791533.2,58711810,56357820,74.17,71.2,"III Trimestre",Distribucion,"2026 3"
"Julio     ",2026,CNFL,"Media tensión a",209,24740950,1768639000,1697240000,71.49,68.6,"III Trimestre",Distribucion,"2026 3"
"Julio     ",2026,"TOTAL NACIONAL",Industrial,7276,33204048.08,3152567676,3037641959,94.95,91.48,"III Trimestre",Distribucion,"2026 3"
"Julio     ",2026,JASEC,Industrial,559,5990790,497247430,492622990,83,82.23,"III Trimestre",Distribucion,"2026 3"
"Julio     ",2026,ICE,Industrial,2915,10319175,1066340600,1018550900,103.34,98.7,"III Trimestre",Distribucion,"2026 3"
"Julio     ",2026,ESPH,Industrial,335,3677161,277978440,268372500,75.6,72.98,"III Trimestre",Distribucion,"2026 3"
"Julio     ",2026,COOPESANTOS,Industrial,207,167938.71,25404323,24537637,151.27,146.11,"III Trimestre",Distribucion,"2026 3"
"Julio     ",2026,COOPELESCA,Industrial,1643,6250126,574744400,551529700,91.96,88.24,"III Trimestre",Distribucion,"2026 3"
"Julio     ",2026,COOPEGUANACASTE,Industrial,226,703188.37,72504087,70058905,103.11,99.63,"III Trimestre",Distribucion,"2026 3"
"Julio     ",2026,CNFL,Industrial,1363,5837024,614876590,590022610,105.34,101.08,"III Trimestre",Distribucion,"2026 3"
"Julio     ",2026,"TOTAL NACIONAL","Ventas al servicio de Distribución",0,95237240,4182163831.37,3859130757.82,43.91,40.52,"III Trimestre",Generacion,"2026 3"
"Junio     ",2026,CNFL,"Alumbrado Público",0,4931496.63,231544597.22,231544597.22,46.95,46.95,"II Trimestre",Distribucion,"2026 2"
"Junio     ",2026,COOPESANTOS,Residencial,49954,7443144,654071200,631743500,87.88,84.88,"II Trimestre",Distribucion,"2026 2"
"Junio     ",2026,COOPELESCA,Residencial,110111,21436740,1731844000,1662358000,80.79,77.55,"II Trimestre",Distribucion,"2026 2"
"Junio     ",2026,COOPEGUANACASTE,Residencial,83486,33205340,2614808000,2526634000,78.75,76.09,"II Trimestre",Distribucion,"2026 2"
"Junio     ",2026,COOPEALFARORUIZ,Residencial,5998,1142214,85112750,79605090,74.52,69.69,"II Trimestre",Distribucion,"2026 2"
"Junio     ",2026,CNFL,Residencial,542756,131628400,9609035000,9220809000,73,70.05,"II Trimestre",Distribucion,"2026 2"
"Junio     ",2026,"TOTAL NACIONAL",Promocional,30,550083,41990377,40272655,76.33,73.21,"II Trimestre",Distribucion,"2026 2"
"Junio     ",2026,ESPH,Residencial,85923,22512480,1749882000,1689361000,77.73,75.04,"II Trimestre",Distribucion,"2026 2"
"Junio     ",2026,CNFL,Promocional,30,550083,41990377,40272655,76.33,73.21,"II Trimestre",Distribucion,"2026 2"
"Junio     ",2026,JASEC,Preferencial,675,1077389,49470430,48877910,45.92,45.37,"II Trimestre",Distribucion,"2026 2"
"Junio     ",2026,ICE,Preferencial,6758,10862060,876463300,837172300,80.69,77.07,"II Trimestre",Distribucion,"2026 2"
"Junio     ",2026,ESPH,Preferencial,969,4699209,276549910,266981490,58.85,56.81,"II Trimestre",Distribucion,"2026 2"
"Junio     ",2026,COOPESANTOS,Preferencial,512,182287.4,24230140,23403690,132.92,128.39,"II Trimestre",Distribucion,"2026 2"
"Junio     ",2026,CNFL,Preferencial,3312,13946469,775684600,744037800,55.62,53.35,"II Trimestre",Distribucion,"2026 2"
"Junio     ",2026,"TOTAL NACIONAL","Media tensión b",411,142206586,7899282500,7595569600,55.55,53.41,"II Trimestre",Distribucion,"2026 2"
"Junio     ",2026,"TOTAL NACIONAL",Preferencial,12226,30767414.4,2002398380,1920473190,65.08,62.42,"II Trimestre",Distribucion,"2026 2"
"Junio     ",2026,ICE,Residencial,812581,175786000,14988370000,14317050000,85.26,81.45,"II Trimestre",Distribucion,"2026 2"
"Junio     ",2026,JASEC,Residencial,95665,22344510,1505868000,1491864000,67.39,66.77,"II Trimestre",Distribucion,"2026 2"
"Junio     ",2026,"TOTAL NACIONAL",Residencial,1786474,415498828,32938990950,31619424590,79.28,76.1,"II Trimestre",Distribucion,"2026 2"
"Junio     ",2026,ESPH,"Ventas al servicio de Distribución",0,32574486,1369271981.32,1262841931.25,42.04,38.77,"II Trimestre",Generacion,"2026 2"
"Junio     ",2026,COOPESANTOS,"Ventas al servicio de Distribución",0,4976093,208771876.58,192545742.57,41.95,38.69,"II Trimestre",Generacion,"2026 2"
"Junio     ",2026,COOPELESCA,"Ventas al servicio de Distribución",0,17523261,660270429.79,609910144.19,37.68,34.81,"II Trimestre",Generacion,"2026 2"
"Junio     ",2026,COOPEGUANACASTE,"Ventas al servicio de Distribución",0,39355492,1544128615.31,1424107909.57,39.24,36.19,"II Trimestre",Generacion,"2026 2"
"Junio     ",2026,COOPEALFARORUIZ,"Ventas al servicio de Distribución",0,99420,3324937.64,3066199.53,33.44,30.84,"II Trimestre",Generacion,"2026 2"
"Junio     ",2026,"TOTAL NACIONAL","Ventas a ICE distribución y a la CNFL",0,792558186.5,31961716852.47,29480131345.49,40.33,37.2,"II Trimestre",Generacion,"2026 2"
"Junio     ",2026,ICE,"Ventas a ICE distribución y a la CNFL",0,469816197.5,18827918207,17366054648,40.08,36.96,"II Trimestre",Generacion,"2026 2"
"Junio     ",2026,CNFL,"Ventas a ICE distribución y a la CNFL",0,322741989,13133798645.47,12114076697.49,40.69,37.53,"II Trimestre",Generacion,"2026 2"
"Junio     ",2026,"Usuarios Directos","Usuarios Directos",16,37845080,980044900,918962600,25.9,24.28,"II Trimestre",Generacion,"2026 2"
"Junio     ",2026,"TOTAL NACIONAL","Residencial modalidad prepago",4,218.77,19905.18,19106.36,90.99,87.34,"II Trimestre",Distribucion,"2026 2"
"Junio     ",2026,COOPELESCA,"Residencial modalidad prepago",4,218.77,19905.18,19106.36,90.99,87.34,"II Trimestre",Distribucion,"2026 2"
"Junio     ",2026,"TOTAL NACIONAL","Residencial horaria",10502,6192557,394128191,378157840,63.65,61.07,"II Trimestre",Distribucion,"2026 2"
"Junio     ",2026,ESPH,"Residencial horaria",34,23041,1740151,1679990,75.52,72.91,"II Trimestre",Distribucion,"2026 2"
"Junio     ",2026,ICE,"Residencial horaria",233,156713,14360840,13717750,91.64,87.53,"II Trimestre",Distribucion,"2026 2"
"Junio     ",2026,CNFL,"Residencial horaria",10235,6012803,378027200,362760100,62.87,60.33,"II Trimestre",Distribucion,"2026 2"
"Junio     ",2026,ESPH,"Media tensión b",9,7678615,427787800,412987300,55.71,53.78,"II Trimestre",Distribucion,"2026 2"
"Junio     ",2026,ICE,"Media tensión b",232,78485620,4275701000,4084142000,54.48,52.04,"II Trimestre",Distribucion,"2026 2"
"Junio     ",2026,JASEC,"Media tensión b",25,18779270,1017149000,1007689000,54.16,53.66,"II Trimestre",Distribucion,"2026 2"
"Junio     ",2026,COOPELESCA,"Media tensión b",17,7463491,479808700,460529300,64.29,61.7,"II Trimestre",Distribucion,"2026 2"
"Junio     ",2026,ICE,"Comercios y servicios",118196,103828143,10553123840,10080053750,101.64,97.08,"II Trimestre",Distribucion,"2026 2"
"Junio     ",2026,ESPH,"Comercios y servicios",11887,17636122,1434187951,1384500890,81.32,78.5,"II Trimestre",Distribucion,"2026 2"
"Junio     ",2026,COOPESANTOS,"Comercios y servicios",4025,2168943.4,328604500,317391950,151.5,146.33,"II Trimestre",Distribucion,"2026 2"
"Junio     ",2026,COOPELESCA,"Comercios y servicios",15078,19580283,1749391100,1679017900,89.34,85.75,"II Trimestre",Distribucion,"2026 2"
"Junio     ",2026,COOPEGUANACASTE,"Comercios y servicios",20300,30398162,2598679800,2510729700,85.49,82.59,"II Trimestre",Distribucion,"2026 2"
"Junio     ",2026,COOPEALFARORUIZ,"Comercios y servicios",2426,1190081,115118600,107673620,96.73,90.48,"II Trimestre",Distribucion,"2026 2"
"Junio     ",2026,CNFL,"Comercios y servicios",76875,103122940,10124727000,9715288000,98.18,94.21,"II Trimestre",Distribucion,"2026 2"
"Junio     ",2026,"TOTAL NACIONAL","Alumbrado Público",0,20640603.74,912686245.72,912686245.72,44.22,44.22,"II Trimestre",Distribucion,"2026 2"
"Junio     ",2026,JASEC,"Alumbrado Público",0,1240777.7,56812604.93,56812604.93,45.79,45.79,"II Trimestre",Distribucion,"2026 2"
"Junio     ",2026,ICE,"Alumbrado Público",0,11858436,512983231.79,512983231.79,43.26,43.26,"II Trimestre",Distribucion,"2026 2"
"Junio     ",2026,ESPH,"Alumbrado Público",0,621656.05,28179668.93,28179668.93,45.33,45.33,"II Trimestre",Distribucion,"2026 2"
"Junio     ",2026,COOPESANTOS,"Alumbrado Público",0,384806,19169122.65,19169122.65,49.82,49.82,"II Trimestre",Distribucion,"2026 2"
"Junio     ",2026,COOPELESCA,"Alumbrado Público",0,881024.31,36384593.19,36384593.19,41.3,41.3,"II Trimestre",Distribucion,"2026 2"
"Junio     ",2026,COOPEGUANACASTE,"Alumbrado Público",0,688080.75,26133306.88,26133306.88,37.98,37.98,"II Trimestre",Distribucion,"2026 2"
"Junio     ",2026,COOPEALFARORUIZ,"Alumbrado Público",0,34326.3,1479120.12,1479120.12,43.09,43.09,"II Trimestre",Distribucion,"2026 2"
"Junio     ",2026,JASEC,"Comercios y servicios",16458,12125901,897208300,887684100,73.99,73.21,"II Trimestre",Distribucion,"2026 2"
"Junio     ",2026,JASEC,"Ventas al servicio de Distribución",0,61543766,2420131105.18,2232051661.09,39.32,36.27,"II Trimestre",Generacion,"2026 2"
"Junio     ",2026,"TOTAL NACIONAL","Comercios y servicios",265245,290050575.4,27801041091,26682339910,95.85,91.99,"II Trimestre",Distribucion,"2026 2"
"Junio     ",2026,COOPEALFARORUIZ,Industrial,28,247268,22329129,20881316,90.3,84.45,"II Trimestre",Distribucion,"2026 2"
"Junio     ",2026,CNFL,"Media tensión b",128,29799590,1698836000,1630222000,57.01,54.71,"II Trimestre",Distribucion,"2026 2"
"Junio     ",2026,"TOTAL NACIONAL","Media tensión a",810,86243061.6,5845182200,5610807290,67.78,65.06,"II Trimestre",Distribucion,"2026 2"
"Junio     ",2026,JASEC,"Media tensión a",32,8389909,522271200,517414100,62.25,61.67,"II Trimestre",Distribucion,"2026 2"
"Junio     ",2026,ICE,"Media tensión a",553,51750650,3423623000,3270231000,66.16,63.19,"II Trimestre",Distribucion,"2026 2"
"Junio     ",2026,ESPH,"Media tensión a",6,616598,41586970,40146360,67.45,65.11,"II Trimestre",Distribucion,"2026 2"
"Junio     ",2026,COOPESANTOS,"Media tensión a",8,457855.4,46790650,45195180,102.2,98.71,"II Trimestre",Distribucion,"2026 2"
"Junio     ",2026,COOPELESCA,"Media tensión a",2,795679.2,58455380,56111650,73.47,70.52,"II Trimestre",Distribucion,"2026 2"
"Junio     ",2026,CNFL,"Media tensión a",209,24232370,1752455000,1681709000,72.32,69.4,"II Trimestre",Distribucion,"2026 2"
"Junio     ",2026,"TOTAL NACIONAL",Industrial,7281,32401118.65,2906661397,2795309458,89.71,86.27,"II Trimestre",Distribucion,"2026 2"
"Junio     ",2026,JASEC,Industrial,559,6173808,342956930,338231940,55.55,54.78,"II Trimestre",Distribucion,"2026 2"
"Junio     ",2026,ICE,Industrial,2912,10434409,1072179400,1024127800,102.75,98.15,"II Trimestre",Distribucion,"2026 2"
"Junio     ",2026,ESPH,Industrial,336,3768608,283944440,274132410,75.34,72.74,"II Trimestre",Distribucion,"2026 2"
"Junio     ",2026,COOPESANTOS,Industrial,207,172110.22,26579860,25673100,154.44,149.17,"II Trimestre",Distribucion,"2026 2"
"Junio     ",2026,COOPELESCA,Industrial,1648,4681079,440050700,421968700,94.01,90.14,"II Trimestre",Distribucion,"2026 2"
"Junio     ",2026,COOPEGUANACASTE,Industrial,228,1104418.43,106223178,102640142,96.18,92.94,"II Trimestre",Distribucion,"2026 2"
"Junio     ",2026,CNFL,Industrial,1363,5819418,612397760,587654050,105.23,100.98,"II Trimestre",Distribucion,"2026 2"
"Junio     ",2026,"TOTAL NACIONAL","Ventas al servicio de Distribución",0,156072518,6205898945.82,5724523588.2,39.76,36.68,"II Trimestre",Generacion,"2026 2"
"Mayo      ",2026,ESPH,Preferencial,963,4537620,268990760,259683860,59.28,57.23,"II Trimestre",Distribucion,"2026 2"
"Mayo      ",2026,ESPH,"Ventas al servicio de Distribución",0,32136766,1350913706.22,1245918869.46,42.04,38.77,"II Trimestre",Generacion,"2026 2"
"Mayo      ",2026,COOPESANTOS,"Ventas al servicio de Distribución",0,5835113,254588379.43,234803559.07,43.63,40.24,"II Trimestre",Generacion,"2026 2"
"Mayo      ",2026,COOPELESCA,"Ventas al servicio de Distribución",0,20442061,758059156.98,700147782.38,37.08,34.25,"II Trimestre",Generacion,"2026 2"
"Mayo      ",2026,COOPEGUANACASTE,"Ventas al servicio de Distribución",0,49963485,1912945757.1,1764251729.12,38.29,35.31,"II Trimestre",Generacion,"2026 2"
"Mayo      ",2026,COOPEALFARORUIZ,"Ventas al servicio de Distribución",0,1,19439110.46,17928687.07,19439110.46,17928687.07,"II Trimestre",Generacion,"2026 2"
"Mayo      ",2026,"TOTAL NACIONAL","Ventas a ICE distribución y a la CNFL",0,833571960.58,33388161190.51,30795830407.47,40.05,36.94,"II Trimestre",Generacion,"2026 2"
"Mayo      ",2026,ICE,"Ventas a ICE distribución y a la CNFL",0,493128931.58,19657965084.88,18131658383.67,39.86,36.77,"II Trimestre",Generacion,"2026 2"
"Mayo      ",2026,CNFL,"Ventas a ICE distribución y a la CNFL",0,340443029,13730196105.63,12664172023.8,40.33,37.2,"II Trimestre",Generacion,"2026 2"
"Mayo      ",2026,"Usuarios Directos","Usuarios Directos",16,39101220,1003347000,940520300,25.66,24.05,"II Trimestre",Generacion,"2026 2"
"Mayo      ",2026,"TOTAL NACIONAL","Residencial modalidad prepago",4,503.82,39013.38,37448.15,77.43,74.33,"II Trimestre",Distribucion,"2026 2"
"Mayo      ",2026,COOPELESCA,"Residencial modalidad prepago",4,503.82,39013.38,37448.15,77.43,74.33,"II Trimestre",Distribucion,"2026 2"
"Mayo      ",2026,"TOTAL NACIONAL","Residencial horaria",10367,6097506,387464606,371771280,63.54,60.97,"II Trimestre",Distribucion,"2026 2"
"Mayo      ",2026,ESPH,"Residencial horaria",32,19505,1485206,1433860,76.14,73.51,"II Trimestre",Distribucion,"2026 2"
"Mayo      ",2026,ICE,"Residencial horaria",222,142667,13067600,12482420,91.6,87.49,"II Trimestre",Distribucion,"2026 2"
"Mayo      ",2026,CNFL,"Residencial horaria",10113,5935334,372911800,357855000,62.83,60.29,"II Trimestre",Distribucion,"2026 2"
"Mayo      ",2026,"TOTAL NACIONAL",Residencial,1784022,410950652,32492431790,31194307690,79.07,75.91,"II Trimestre",Distribucion,"2026 2"
"Mayo      ",2026,JASEC,Residencial,95583,22891470,1546029000,1531724000,67.54,66.91,"II Trimestre",Distribucion,"2026 2"
"Mayo      ",2026,ICE,Residencial,811393,170868100,14522560000,13872100000,84.99,81.19,"II Trimestre",Distribucion,"2026 2"
"Mayo      ",2026,ESPH,Residencial,85876,22823630,1776345000,1714909000,77.83,75.14,"II Trimestre",Distribucion,"2026 2"
"Mayo      ",2026,COOPESANTOS,Residencial,49970,7147438,624688400,603362800,87.4,84.42,"II Trimestre",Distribucion,"2026 2"
"Mayo      ",2026,COOPELESCA,Residencial,109750,21824750,1767008000,1696111000,80.96,77.72,"II Trimestre",Distribucion,"2026 2"
"Mayo      ",2026,COOPEGUANACASTE,Residencial,83324,33558380,2644568000,2555392000,78.8,76.15,"II Trimestre",Distribucion,"2026 2"
"Mayo      ",2026,COOPEALFARORUIZ,Residencial,5996,1238584,92977390,86960890,75.07,70.21,"II Trimestre",Distribucion,"2026 2"
"Mayo      ",2026,CNFL,Residencial,542130,130598300,9518256000,9133748000,72.88,69.94,"II Trimestre",Distribucion,"2026 2"
"Mayo      ",2026,"TOTAL NACIONAL",Promocional,30,581476,46902748,44985280,80.66,77.36,"II Trimestre",Distribucion,"2026 2"
"Mayo      ",2026,CNFL,Promocional,30,581476,46902748,44985280,80.66,77.36,"II Trimestre",Distribucion,"2026 2"
"Mayo      ",2026,"TOTAL NACIONAL",Preferencial,12227,30369898.9,1985903430,1905694480,65.39,62.75,"II Trimestre",Distribucion,"2026 2"
"Mayo      ",2026,JASEC,Preferencial,672,1014631,61409290,60981740,60.52,60.1,"II Trimestre",Distribucion,"2026 2"
"Mayo      ",2026,ICE,Preferencial,6783,10585828,853620900,815354600,80.64,77.02,"II Trimestre",Distribucion,"2026 2"
"Mayo      ",2026,JASEC,"Ventas al servicio de Distribución",0,64358739,2525794243.12,2329503431.17,39.25,36.2,"II Trimestre",Generacion,"2026 2"
"Mayo      ",2026,"TOTAL NACIONAL","Ventas al servicio de Distribución",0,172736165,6821740353.31,6292554058.27,39.49,36.43,"II Trimestre",Generacion,"2026 2"
"Mayo      ",2026,CNFL,"Alumbrado Público",0,5143285.98,240567844.04,240567844.04,46.77,46.77,"II Trimestre",Distribucion,"2026 2"
"Mayo      ",2026,ESPH,Industrial,339,3817085,294168440,284001430,77.07,74.4,"II Trimestre",Distribucion,"2026 2"
"Mayo      ",2026,ICE,Industrial,2915,10224589,1065280400,1017538400,104.19,99.52,"II Trimestre",Distribucion,"2026 2"
"Mayo      ",2026,JASEC,Industrial,558,5542838,466055210,463200680,84.08,83.57,"II Trimestre",Distribucion,"2026 2"
"Mayo      ",2026,"TOTAL NACIONAL",Industrial,7298,31701530.74,3040984805,2931523804,95.93,92.47,"II Trimestre",Distribucion,"2026 2"
"Mayo      ",2026,CNFL,"Media tensión a",208,25251960,1795196000,1722725000,71.09,68.22,"II Trimestre",Distribucion,"2026 2"
"Mayo      ",2026,COOPELESCA,"Media tensión a",2,491934,44687640,42864880,90.84,87.14,"II Trimestre",Distribucion,"2026 2"
"Mayo      ",2026,COOPESANTOS,"Media tensión a",8,631144,55575370,53680800,88.05,85.05,"II Trimestre",Distribucion,"2026 2"
"Mayo      ",2026,ESPH,"Media tensión a",6,564598,38253730,36928600,67.75,65.41,"II Trimestre",Distribucion,"2026 2"
"Mayo      ",2026,ICE,"Media tensión a",550,52043560,3419532000,3266321000,65.71,62.76,"II Trimestre",Distribucion,"2026 2"
"Mayo      ",2026,JASEC,"Media tensión a",32,8906594,530403300,528308700,59.55,59.32,"II Trimestre",Distribucion,"2026 2"
"Mayo      ",2026,"TOTAL NACIONAL","Media tensión a",806,87889790,5883648040,5650828980,66.94,64.29,"II Trimestre",Distribucion,"2026 2"
"Mayo      ",2026,CNFL,"Media tensión b",128,31100860,1754017000,1683175000,56.4,54.12,"II Trimestre",Distribucion,"2026 2"
"Mayo      ",2026,COOPELESCA,"Media tensión b",17,7685556,512134500,491503500,66.64,63.95,"II Trimestre",Distribucion,"2026 2"
"Mayo      ",2026,JASEC,"Media tensión b",25,18789460,1013612000,1007000000,53.95,53.59,"II Trimestre",Distribucion,"2026 2"
"Mayo      ",2026,ICE,"Media tensión b",233,80812860,4392976000,4196162000,54.36,51.92,"II Trimestre",Distribucion,"2026 2"
"Mayo      ",2026,ESPH,"Media tensión b",8,6745218,381194600,368006000,56.51,54.56,"II Trimestre",Distribucion,"2026 2"
"Mayo      ",2026,"TOTAL NACIONAL","Media tensión b",411,145133954,8053934100,7745846500,55.49,53.37,"II Trimestre",Distribucion,"2026 2"
"Mayo      ",2026,COOPESANTOS,Industrial,207,186710.31,28610600,27634530,153.24,148.01,"II Trimestre",Distribucion,"2026 2"
"Mayo      ",2026,COOPELESCA,Industrial,1663,4547699,429716500,412288000,94.49,90.66,"II Trimestre",Distribucion,"2026 2"
"Mayo      ",2026,COOPEGUANACASTE,Industrial,231,1432838.43,131207223,126781618,91.57,88.48,"II Trimestre",Distribucion,"2026 2"
"Mayo      ",2026,COOPEALFARORUIZ,Industrial,28,261516,23344132,21829946,89.26,83.47,"II Trimestre",Distribucion,"2026 2"
"Mayo      ",2026,COOPEALFARORUIZ,"Alumbrado Público",0,35343.5,1512348.46,1512348.46,42.79,42.79,"II Trimestre",Distribucion,"2026 2"
"Mayo      ",2026,COOPEGUANACASTE,"Alumbrado Público",0,711913.8,27038486.12,27038486.12,37.98,37.98,"II Trimestre",Distribucion,"2026 2"
"Mayo      ",2026,COOPELESCA,"Alumbrado Público",0,902771.49,37282709.54,37282709.54,41.3,41.3,"II Trimestre",Distribucion,"2026 2"
"Mayo      ",2026,COOPESANTOS,"Alumbrado Público",0,401374,19992370.85,19992370.85,49.81,49.81,"II Trimestre",Distribucion,"2026 2"
"Mayo      ",2026,ESPH,"Alumbrado Público",0,642673.78,29132402.36,29132402.36,45.33,45.33,"II Trimestre",Distribucion,"2026 2"
"Mayo      ",2026,ICE,"Alumbrado Público",0,12254446.32,1055529879.16,1055529879.16,86.13,86.13,"II Trimestre",Distribucion,"2026 2"
"Mayo      ",2026,JASEC,"Alumbrado Público",0,1283342.57,58761561.02,58761561.02,45.79,45.79,"II Trimestre",Distribucion,"2026 2"
"Mayo      ",2026,"TOTAL NACIONAL","Alumbrado Público",0,21375151.44,1469817601.55,1469817601.55,68.76,68.76,"II Trimestre",Distribucion,"2026 2"
"Mayo      ",2026,CNFL,Preferencial,3295,14057417,778767300,747347500,55.4,53.16,"II Trimestre",Distribucion,"2026 2"
"Mayo      ",2026,CNFL,"Comercios y servicios",76769,100918940,9933470000,9531946000,98.43,94.45,"II Trimestre",Distribucion,"2026 2"
"Mayo      ",2026,COOPEGUANACASTE,"Comercios y servicios",20269,31158108,2659498000,2569804200,85.35,82.48,"II Trimestre",Distribucion,"2026 2"
"Mayo      ",2026,COOPELESCA,"Comercios y servicios",15041,19851024,1777474400,1705959500,89.54,85.94,"II Trimestre",Distribucion,"2026 2"
"Mayo      ",2026,COOPESANTOS,"Comercios y servicios",3961,2104985,318939980,308060350,151.52,146.35,"II Trimestre",Distribucion,"2026 2"
"Mayo      ",2026,ESPH,"Comercios y servicios",11863,16799234,1384223706,1336264960,82.4,79.54,"II Trimestre",Distribucion,"2026 2"
"Mayo      ",2026,ICE,"Comercios y servicios",118180,102953657,10456266600,9987540420,101.56,97.01,"II Trimestre",Distribucion,"2026 2"
"Mayo      ",2026,JASEC,"Comercios y servicios",16442,11702974,992147500,984078800,84.78,84.09,"II Trimestre",Distribucion,"2026 2"
"Mayo      ",2026,"TOTAL NACIONAL","Comercios y servicios",264946,286797072,27648406646,26541866970,96.4,92.55,"II Trimestre",Distribucion,"2026 2"
"Mayo      ",2026,CNFL,Industrial,1357,5688255,602602300,578249200,105.94,101.66,"II Trimestre",Distribucion,"2026 2"
"Mayo      ",2026,COOPEALFARORUIZ,"Comercios y servicios",2421,1308150,126386460,118212740,96.61,90.37,"II Trimestre",Distribucion,"2026 2"
"Mayo      ",2026,COOPESANTOS,Preferencial,514,174402.9,23115180,22326780,132.54,128.02,"II Trimestre",Distribucion,"2026 2"
"Abril     ",2026,CNFL,"Alumbrado Público",0,5143285.98,240567844.04,240567844.04,46.77,46.77,"II Trimestre",Distribucion,"2026 2"
"Abril     ",2026,COOPESANTOS,Residencial,49988,7355262,645223000,623197000,87.72,84.73,"II Trimestre",Distribucion,"2026 2"
"Abril     ",2026,COOPELESCA,Residencial,109420,20593730,1655167000,1588757000,80.37,77.15,"II Trimestre",Distribucion,"2026 2"
"Abril     ",2026,COOPEGUANACASTE,Residencial,83143,38698070,3094803000,2990449000,79.97,77.28,"II Trimestre",Distribucion,"2026 2"
"Abril     ",2026,COOPEALFARORUIZ,Residencial,5994,1162626,86722470,81110730,74.59,69.77,"II Trimestre",Distribucion,"2026 2"
"Abril     ",2026,CNFL,Residencial,541789,128920200,9364785000,8986442000,72.64,69.71,"II Trimestre",Distribucion,"2026 2"
"Abril     ",2026,"TOTAL NACIONAL",Promocional,30,539147,43078299,41316195,79.9,76.63,"II Trimestre",Distribucion,"2026 2"
"Abril     ",2026,ESPH,Residencial,85771,21649650,1675961000,1617998000,77.41,74.74,"II Trimestre",Distribucion,"2026 2"
"Abril     ",2026,CNFL,Promocional,30,539147,43078299,41316195,79.9,76.63,"II Trimestre",Distribucion,"2026 2"
"Abril     ",2026,JASEC,Preferencial,667,1000209,57292210,56871090,57.28,56.86,"II Trimestre",Distribucion,"2026 2"
"Abril     ",2026,ICE,Preferencial,6780,10257372,828374900,791240400,80.76,77.14,"II Trimestre",Distribucion,"2026 2"
"Abril     ",2026,ESPH,Preferencial,955,4590291,270131040,260784700,58.85,56.81,"II Trimestre",Distribucion,"2026 2"
"Abril     ",2026,COOPESANTOS,Preferencial,514,174402.9,23115180,22326780,132.54,128.02,"II Trimestre",Distribucion,"2026 2"
"Abril     ",2026,CNFL,Preferencial,3295,14057417,778767300,747347500,55.4,53.16,"II Trimestre",Distribucion,"2026 2"
"Abril     ",2026,"TOTAL NACIONAL","Media tensión b",411,145133954,8053934100,7745846500,55.49,53.37,"II Trimestre",Distribucion,"2026 2"
"Abril     ",2026,"TOTAL NACIONAL",Preferencial,12198,29806268.2,1941429860,1862971700,65.13,62.5,"II Trimestre",Distribucion,"2026 2"
"Abril     ",2026,ICE,Residencial,810009,177373800,15189950000,14509580000,85.64,81.8,"II Trimestre",Distribucion,"2026 2"
"Abril     ",2026,JASEC,Residencial,95503,22742050,1535742000,1521532000,67.53,66.9,"II Trimestre",Distribucion,"2026 2"
"Abril     ",2026,"TOTAL NACIONAL",Residencial,1781617,418495388,33248353470,31919065730,79.45,76.27,"II Trimestre",Distribucion,"2026 2"
"Abril     ",2026,ESPH,"Ventas al servicio de Distribución",0,31327177,1322823851.49,1220010047.47,42.23,38.94,"II Trimestre",Generacion,"2026 2"
"Abril     ",2026,COOPESANTOS,"Ventas al servicio de Distribución",0,6099896,262541687.89,242138424.58,43.04,39.7,"II Trimestre",Generacion,"2026 2"
"Abril     ",2026,COOPELESCA,"Ventas al servicio de Distribución",0,21365015,767814576.42,709025935.45,35.94,33.19,"II Trimestre",Generacion,"2026 2"
"Abril     ",2026,COOPEGUANACASTE,"Ventas al servicio de Distribución",0,53060996,2103100150.43,1939636378.63,39.64,36.55,"II Trimestre",Generacion,"2026 2"
"Abril     ",2026,COOPEALFARORUIZ,"Ventas al servicio de Distribución",0,1,2661446.54,2454655.49,2661446.54,2454655.49,"II Trimestre",Generacion,"2026 2"
"Abril     ",2026,"TOTAL NACIONAL","Ventas a ICE distribución y a la CNFL",0,789300186.53,31863780030.12,29389791710.09,40.37,37.24,"II Trimestre",Generacion,"2026 2"
"Abril     ",2026,ICE,"Ventas a ICE distribución y a la CNFL",0,471579947.53,18911923345.54,17443540669.51,40.1,36.99,"II Trimestre",Generacion,"2026 2"
"Abril     ",2026,CNFL,"Ventas a ICE distribución y a la CNFL",0,317720239,12951856684.58,11946251040.58,40.76,37.6,"II Trimestre",Generacion,"2026 2"
"Abril     ",2026,"Usuarios Directos","Usuarios Directos",17,33074910,900860700,845621500,27.24,25.57,"II Trimestre",Generacion,"2026 2"
"Abril     ",2026,"TOTAL NACIONAL","Residencial modalidad prepago",4,526.08,40710.02,39076.92,77.38,74.28,"II Trimestre",Distribucion,"2026 2"
"Abril     ",2026,COOPELESCA,"Residencial modalidad prepago",4,526.08,40710.02,39076.92,77.38,74.28,"II Trimestre",Distribucion,"2026 2"
"Abril     ",2026,"TOTAL NACIONAL","Residencial horaria",10295,5850105,373721231,358580881,63.88,61.29,"II Trimestre",Distribucion,"2026 2"
"Abril     ",2026,ESPH,"Residencial horaria",30,18944,1456121,1405781,76.86,74.21,"II Trimestre",Distribucion,"2026 2"
"Abril     ",2026,ICE,"Residencial horaria",208,137533,12581510,12018100,91.48,87.38,"II Trimestre",Distribucion,"2026 2"
"Abril     ",2026,CNFL,"Residencial horaria",10057,5693628,359683600,345157000,63.17,60.62,"II Trimestre",Distribucion,"2026 2"
"Abril     ",2026,ESPH,"Media tensión b",8,6745218,381194600,368006000,56.51,54.56,"II Trimestre",Distribucion,"2026 2"
"Abril     ",2026,ICE,"Media tensión b",233,80812860,4392976000,4196162000,54.36,51.92,"II Trimestre",Distribucion,"2026 2"
"Abril     ",2026,JASEC,"Media tensión b",25,18789460,1013612000,1007000000,53.95,53.59,"II Trimestre",Distribucion,"2026 2"
"Abril     ",2026,COOPELESCA,"Media tensión b",17,7685556,512134500,491503500,66.64,63.95,"II Trimestre",Distribucion,"2026 2"
"Abril     ",2026,ICE,"Comercios y servicios",118180,102953657,10456266600,9987540420,101.56,97.01,"II Trimestre",Distribucion,"2026 2"
"Abril     ",2026,ESPH,"Comercios y servicios",11863,16799234,1384223706,1336264960,82.4,79.54,"II Trimestre",Distribucion,"2026 2"
"Abril     ",2026,COOPESANTOS,"Comercios y servicios",3961,2104985,318939980,308060350,151.52,146.35,"II Trimestre",Distribucion,"2026 2"
"Abril     ",2026,COOPELESCA,"Comercios y servicios",15041,19851024,1777474400,1705959500,89.54,85.94,"II Trimestre",Distribucion,"2026 2"
"Abril     ",2026,COOPEGUANACASTE,"Comercios y servicios",20269,31158108,2659498000,2569804200,85.35,82.48,"II Trimestre",Distribucion,"2026 2"
"Abril     ",2026,COOPEALFARORUIZ,"Comercios y servicios",2421,1308150,126386460,118212740,96.61,90.37,"II Trimestre",Distribucion,"2026 2"
"Abril     ",2026,CNFL,"Comercios y servicios",76769,100918940,9933470000,9531946000,98.43,94.45,"II Trimestre",Distribucion,"2026 2"
"Abril     ",2026,"TOTAL NACIONAL","Alumbrado Público",0,21375151.44,1469817601.55,1469817601.55,68.76,68.76,"II Trimestre",Distribucion,"2026 2"
"Abril     ",2026,JASEC,"Alumbrado Público",0,1283342.57,58761561.02,58761561.02,45.79,45.79,"II Trimestre",Distribucion,"2026 2"
"Abril     ",2026,ICE,"Alumbrado Público",0,12254446.32,1055529879.16,1055529879.16,86.13,86.13,"II Trimestre",Distribucion,"2026 2"
"Abril     ",2026,ESPH,"Alumbrado Público",0,642673.78,29132402.36,29132402.36,45.33,45.33,"II Trimestre",Distribucion,"2026 2"
"Abril     ",2026,COOPESANTOS,"Alumbrado Público",0,401374,19992370.85,19992370.85,49.81,49.81,"II Trimestre",Distribucion,"2026 2"
"Abril     ",2026,COOPELESCA,"Alumbrado Público",0,902771.49,37282709.54,37282709.54,41.3,41.3,"II Trimestre",Distribucion,"2026 2"
"Abril     ",2026,COOPEGUANACASTE,"Alumbrado Público",0,711913.8,27038486.12,27038486.12,37.98,37.98,"II Trimestre",Distribucion,"2026 2"
"Abril     ",2026,COOPEALFARORUIZ,"Alumbrado Público",0,35343.5,1512348.46,1512348.46,42.79,42.79,"II Trimestre",Distribucion,"2026 2"
"Abril     ",2026,JASEC,"Comercios y servicios",16442,11702974,992147500,984078800,84.78,84.09,"II Trimestre",Distribucion,"2026 2"
"Abril     ",2026,JASEC,"Ventas al servicio de Distribución",0,57806583,2322235190.18,2141764887.79,40.17,37.05,"II Trimestre",Generacion,"2026 2"
"Abril     ",2026,"TOTAL NACIONAL","Comercios y servicios",264946,286797072,27648406646,26541866970,96.4,92.55,"II Trimestre",Distribucion,"2026 2"
"Abril     ",2026,COOPEALFARORUIZ,Industrial,28,261516,23344132,21829946,89.26,83.47,"II Trimestre",Distribucion,"2026 2"
"Abril     ",2026,CNFL,"Media tensión b",128,31100860,1754017000,1683175000,56.4,54.12,"II Trimestre",Distribucion,"2026 2"
"Abril     ",2026,"TOTAL NACIONAL","Media tensión a",806,87889790,5883648040,5650828980,66.94,64.29,"II Trimestre",Distribucion,"2026 2"
"Abril     ",2026,JASEC,"Media tensión a",32,8906594,530403300,528308700,59.55,59.32,"II Trimestre",Distribucion,"2026 2"
"Abril     ",2026,ICE,"Media tensión a",550,52043560,3419532000,3266321000,65.71,62.76,"II Trimestre",Distribucion,"2026 2"
"Abril     ",2026,ESPH,"Media tensión a",6,564598,38253730,36928600,67.75,65.41,"II Trimestre",Distribucion,"2026 2"
"Abril     ",2026,COOPESANTOS,"Media tensión a",8,631144,55575370,53680800,88.05,85.05,"II Trimestre",Distribucion,"2026 2"
"Abril     ",2026,COOPELESCA,"Media tensión a",2,491934,44687640,42864880,90.84,87.14,"II Trimestre",Distribucion,"2026 2"
"Abril     ",2026,CNFL,"Media tensión a",208,25251960,1795196000,1722725000,71.09,68.22,"II Trimestre",Distribucion,"2026 2"
"Abril     ",2026,"TOTAL NACIONAL",Industrial,7298,31701530.74,3040984805,2931523804,95.93,92.47,"II Trimestre",Distribucion,"2026 2"
"Abril     ",2026,JASEC,Industrial,558,5542838,466055210,463200680,84.08,83.57,"II Trimestre",Distribucion,"2026 2"
"Abril     ",2026,ICE,Industrial,2915,10224589,1065280400,1017538400,104.19,99.52,"II Trimestre",Distribucion,"2026 2"
"Abril     ",2026,ESPH,Industrial,339,3817085,294168440,284001430,77.07,74.4,"II Trimestre",Distribucion,"2026 2"
"Abril     ",2026,COOPESANTOS,Industrial,207,186710.31,28610600,27634530,153.24,148.01,"II Trimestre",Distribucion,"2026 2"
"Abril     ",2026,COOPELESCA,Industrial,1663,4547699,429716500,412288000,94.49,90.66,"II Trimestre",Distribucion,"2026 2"
"Abril     ",2026,COOPEGUANACASTE,Industrial,231,1432838.43,131207223,126781618,91.57,88.48,"II Trimestre",Distribucion,"2026 2"
"Abril     ",2026,CNFL,Industrial,1357,5688255,602602300,578249200,105.94,101.66,"II Trimestre",Distribucion,"2026 2"
"Abril     ",2026,"TOTAL NACIONAL","Ventas al servicio de Distribución",0,169659668,6781176902.95,6255030329.41,39.97,36.87,"II Trimestre",Generacion,"2026 2"
"Marzo     ",2026,CNFL,"Alumbrado Público",0,5180999.76,242327072.49,242327072.49,46.77,46.77,"I Trimestre",Distribucion,"2026 1"
"Marzo     ",2026,COOPESANTOS,Residencial,49951,6608922,572050200,552520000,86.56,83.6,"I Trimestre",Distribucion,"2026 1"
"Marzo     ",2026,COOPELESCA,Residencial,109082,20025170,1605766000,1541339000,80.19,76.97,"I Trimestre",Distribucion,"2026 1"
"Marzo     ",2026,COOPEGUANACASTE,Residencial,83005,31372980,2461551000,2378535000,78.46,75.81,"I Trimestre",Distribucion,"2026 1"
"Marzo     ",2026,COOPEALFARORUIZ,Residencial,5989,1189163,88909730,83156480,74.77,69.93,"I Trimestre",Distribucion,"2026 1"
"Marzo     ",2026,CNFL,Residencial,541290,129597000,9437119000,9055844000,72.82,69.88,"I Trimestre",Distribucion,"2026 1"
"Marzo     ",2026,"TOTAL NACIONAL",Promocional,30,587442,49272541,47256755,83.88,80.44,"I Trimestre",Distribucion,"2026 1"
"Marzo     ",2026,ESPH,Residencial,85665,20338190,1566930000,1512723000,77.04,74.38,"I Trimestre",Distribucion,"2026 1"
"Marzo     ",2026,CNFL,Promocional,30,587442,49272541,47256755,83.88,80.44,"I Trimestre",Distribucion,"2026 1"
"Marzo     ",2026,JASEC,Preferencial,660,964352,55427800,55024930,57.48,57.06,"I Trimestre",Distribucion,"2026 1"
"Marzo     ",2026,ICE,Preferencial,6782,9556042,775750300,740975200,81.18,77.54,"I Trimestre",Distribucion,"2026 1"
"Marzo     ",2026,ESPH,Preferencial,952,3907231,237885770,229651840,60.88,58.78,"I Trimestre",Distribucion,"2026 1"
"Marzo     ",2026,COOPESANTOS,Preferencial,512,159505.2,21052180,20334160,131.98,127.48,"I Trimestre",Distribucion,"2026 1"
"Marzo     ",2026,CNFL,Preferencial,3268,13952283,767332400,736378600,55,52.78,"I Trimestre",Distribucion,"2026 1"
"Marzo     ",2026,"TOTAL NACIONAL","Media tensión b",409,141687403,7879628100,7576957000,55.61,53.48,"I Trimestre",Distribucion,"2026 1"
"Marzo     ",2026,"TOTAL NACIONAL",Preferencial,12174,28539413.2,1857448450,1782364730,65.08,62.45,"I Trimestre",Distribucion,"2026 1"
"Marzo     ",2026,ICE,Residencial,809110,154412000,12978320000,12397050000,84.05,80.29,"I Trimestre",Distribucion,"2026 1"
"Marzo     ",2026,JASEC,Residencial,95425,22899820,1549189000,1534854000,67.65,67.02,"I Trimestre",Distribucion,"2026 1"
"Marzo     ",2026,"TOTAL NACIONAL",Residencial,1779517,386443245,30259834930,29056021480,78.3,75.19,"I Trimestre",Distribucion,"2026 1"
"Marzo     ",2026,ESPH,"Ventas al servicio de Distribución",0,26439863,1160361835.91,1070173239.95,43.89,40.48,"I Trimestre",Generacion,"2026 1"
"Marzo     ",2026,COOPESANTOS,"Ventas al servicio de Distribución",0,5739481,260682885.6,240424391.88,45.42,41.89,"I Trimestre",Generacion,"2026 1"
"Marzo     ",2026,COOPELESCA,"Ventas al servicio de Distribución",0,22436786,837962564.46,774889326.71,37.35,34.54,"I Trimestre",Generacion,"2026 1"
"Marzo     ",2026,COOPEGUANACASTE,"Ventas al servicio de Distribución",0,48762616,1919441348.49,1770246803.68,39.36,36.3,"I Trimestre",Generacion,"2026 1"
"Marzo     ",2026,COOPEALFARORUIZ,"Ventas al servicio de Distribución",0,487917,20990865.55,19357958,43.02,39.67,"I Trimestre",Generacion,"2026 1"
"Marzo     ",2026,"TOTAL NACIONAL","Ventas a ICE distribución y a la CNFL",0,818502515.13,32693800333.67,30155388392.09,39.94,36.84,"I Trimestre",Generacion,"2026 1"
"Marzo     ",2026,ICE,"Ventas a ICE distribución y a la CNFL",0,490021104.13,19472047076.87,17960187026,39.74,36.65,"I Trimestre",Generacion,"2026 1"
"Marzo     ",2026,CNFL,"Ventas a ICE distribución y a la CNFL",0,328481411,13221753256.8,12195201366.09,40.25,37.13,"I Trimestre",Generacion,"2026 1"
"Marzo     ",2026,"Usuarios Directos","Usuarios Directos",17,41602220,1069780000,1001961000,25.71,24.08,"I Trimestre",Generacion,"2026 1"
"Marzo     ",2026,"TOTAL NACIONAL","Residencial modalidad prepago",4,436.98,33594.88,32246.39,76.88,73.79,"I Trimestre",Distribucion,"2026 1"
"Marzo     ",2026,COOPELESCA,"Residencial modalidad prepago",4,436.98,33594.88,32246.39,76.88,73.79,"I Trimestre",Distribucion,"2026 1"
"Marzo     ",2026,"TOTAL NACIONAL","Residencial horaria",10200,5967189,380429742,365025496,63.75,61.17,"I Trimestre",Distribucion,"2026 1"
"Marzo     ",2026,ESPH,"Residencial horaria",29,16662,1289702,1245116,77.4,74.73,"I Trimestre",Distribucion,"2026 1"
"Marzo     ",2026,ICE,"Residencial horaria",206,125365,11506440,10991180,91.78,87.67,"I Trimestre",Distribucion,"2026 1"
"Marzo     ",2026,CNFL,"Residencial horaria",9965,5825162,367633600,352789200,63.11,60.56,"I Trimestre",Distribucion,"2026 1"
"Marzo     ",2026,ESPH,"Media tensión b",8,6280445,359850400,347400500,57.3,55.31,"I Trimestre",Distribucion,"2026 1"
"Marzo     ",2026,ICE,"Media tensión b",231,78617490,4279641000,4087906000,54.44,52,"I Trimestre",Distribucion,"2026 1"
"Marzo     ",2026,JASEC,"Media tensión b",25,17528280,956685900,950333000,54.58,54.22,"I Trimestre",Distribucion,"2026 1"
"Marzo     ",2026,COOPELESCA,"Media tensión b",17,8446038,546906800,524910500,64.75,62.15,"I Trimestre",Distribucion,"2026 1"
"Marzo     ",2026,ICE,"Comercios y servicios",118265,95418255,9784937440,9347414180,102.55,97.96,"I Trimestre",Distribucion,"2026 1"
"Marzo     ",2026,ESPH,"Comercios y servicios",11799,14841537,1233878702,1191135616,83.14,80.26,"I Trimestre",Distribucion,"2026 1"
"Marzo     ",2026,COOPESANTOS,"Comercios y servicios",3933,1975446.4,299835190,289611090,151.78,146.61,"I Trimestre",Distribucion,"2026 1"
"Marzo     ",2026,COOPELESCA,"Comercios y servicios",14948,18222641,1632324400,1566592200,89.58,85.97,"I Trimestre",Distribucion,"2026 1"
"Marzo     ",2026,COOPEGUANACASTE,"Comercios y servicios",20145,28147174,2455608800,2372788900,87.24,84.3,"I Trimestre",Distribucion,"2026 1"
"Marzo     ",2026,COOPEALFARORUIZ,"Comercios y servicios",2410,1294982,124667760,116604850,96.27,90.04,"I Trimestre",Distribucion,"2026 1"
"Marzo     ",2026,CNFL,"Comercios y servicios",76577,96565900,9497072000,9113149000,98.35,94.37,"I Trimestre",Distribucion,"2026 1"
"Marzo     ",2026,"TOTAL NACIONAL","Alumbrado Público",0,21401601.87,943305255.97,943305255.97,44.08,44.08,"I Trimestre",Distribucion,"2026 1"
"Marzo     ",2026,JASEC,"Alumbrado Público",0,1282432.92,58719910,58719910,45.79,45.79,"I Trimestre",Distribucion,"2026 1"
"Marzo     ",2026,ICE,"Alumbrado Público",0,12243669.48,527300805.55,527300805.55,43.07,43.07,"I Trimestre",Distribucion,"2026 1"
"Marzo     ",2026,ESPH,"Alumbrado Público",0,643984.74,29191828.35,29191828.35,45.33,45.33,"I Trimestre",Distribucion,"2026 1"
"Marzo     ",2026,COOPESANTOS,"Alumbrado Público",0,399595,19903759.1,19903759.1,49.81,49.81,"I Trimestre",Distribucion,"2026 1"
"Marzo     ",2026,COOPELESCA,"Alumbrado Público",0,901188.1,37217318.73,37217318.73,41.3,41.3,"I Trimestre",Distribucion,"2026 1"
"Marzo     ",2026,COOPEGUANACASTE,"Alumbrado Público",0,714660.52,27142806.55,27142806.55,37.98,37.98,"I Trimestre",Distribucion,"2026 1"
"Marzo     ",2026,COOPEALFARORUIZ,"Alumbrado Público",0,35071.35,1501755.2,1501755.2,42.82,42.82,"I Trimestre",Distribucion,"2026 1"
"Marzo     ",2026,JASEC,"Comercios y servicios",16408,11312582,964727400,956883900,85.28,84.59,"I Trimestre",Distribucion,"2026 1"
"Marzo     ",2026,JASEC,"Ventas al servicio de Distribución",0,61172049,2403913974.86,2217094994.75,39.3,36.24,"I Trimestre",Generacion,"2026 1"
"Marzo     ",2026,"TOTAL NACIONAL","Comercios y servicios",264485,267778517.4,25993051692,24954179736,97.07,93.19,"I Trimestre",Distribucion,"2026 1"
"Marzo     ",2026,COOPEALFARORUIZ,Industrial,28,241406,22968136,21480697,95.14,88.98,"I Trimestre",Distribucion,"2026 1"
"Marzo     ",2026,CNFL,"Media tensión b",128,30815150,1736544000,1666407000,56.35,54.08,"I Trimestre",Distribucion,"2026 1"
"Marzo     ",2026,"TOTAL NACIONAL","Media tensión a",800,84951229.1,5770531030,5542561320,67.93,65.24,"I Trimestre",Distribucion,"2026 1"
"Marzo     ",2026,JASEC,"Media tensión a",32,8907848,528858100,526927700,59.37,59.15,"I Trimestre",Distribucion,"2026 1"
"Marzo     ",2026,ICE,"Media tensión a",548,50404560,3383589000,3231991000,67.13,64.12,"I Trimestre",Distribucion,"2026 1"
"Marzo     ",2026,ESPH,"Media tensión a",6,524334,35860040,34617840,68.39,66.02,"I Trimestre",Distribucion,"2026 1"
"Marzo     ",2026,COOPESANTOS,"Media tensión a",8,698577.1,61183270,59097680,87.58,84.6,"I Trimestre",Distribucion,"2026 1"
"Marzo     ",2026,COOPELESCA,"Media tensión a",2,455910,42114620,40394100,92.37,88.6,"I Trimestre",Distribucion,"2026 1"
"Marzo     ",2026,CNFL,"Media tensión a",204,23960000,1718926000,1649533000,71.74,68.85,"I Trimestre",Distribucion,"2026 1"
"Marzo     ",2026,"TOTAL NACIONAL",Industrial,7307,30763568.61,2965986156,2859229047,96.41,92.94,"I Trimestre",Distribucion,"2026 1"
"Marzo     ",2026,JASEC,Industrial,551,5406706,452100110,449320740,83.62,83.1,"I Trimestre",Distribucion,"2026 1"
"Marzo     ",2026,ICE,Industrial,2924,9699976,1014513800,969047300,104.59,99.9,"I Trimestre",Distribucion,"2026 1"
"Marzo     ",2026,ESPH,Industrial,340,3363135,261043730,252022820,77.62,74.94,"I Trimestre",Distribucion,"2026 1"
"Marzo     ",2026,COOPESANTOS,Industrial,209,240143,40644770,39258370,169.25,163.48,"I Trimestre",Distribucion,"2026 1"
"Marzo     ",2026,COOPELESCA,Industrial,1667,4380489,413240300,396348100,94.34,90.48,"I Trimestre",Distribucion,"2026 1"
"Marzo     ",2026,COOPEGUANACASTE,Industrial,232,1744658.61,159089600,153725680,91.19,88.11,"I Trimestre",Distribucion,"2026 1"
"Marzo     ",2026,CNFL,Industrial,1356,5687055,602385710,578025340,105.92,101.64,"I Trimestre",Distribucion,"2026 1"
"Marzo     ",2026,"TOTAL NACIONAL","Ventas al servicio de Distribución",0,165038712,6603353474.87,6092186714.97,40.01,36.91,"I Trimestre",Generacion,"2026 1"
"Febrero   ",2026,CNFL,"Alumbrado Público",0,4710942.77,237272516.57,237272516.57,50.37,50.37,"I Trimestre",Distribucion,"2026 1"
"Febrero   ",2026,COOPESANTOS,Residencial,49816,7274936,637084200,615356600,87.57,84.59,"I Trimestre",Distribucion,"2026 1"
"Febrero   ",2026,COOPELESCA,Residencial,108744,17325320,1366746000,1313023000,78.89,75.79,"I Trimestre",Distribucion,"2026 1"
"Febrero   ",2026,COOPEGUANACASTE,Residencial,82769,31128990,2438780000,2356539000,78.34,75.7,"I Trimestre",Distribucion,"2026 1"
"Febrero   ",2026,COOPEALFARORUIZ,Residencial,5993,1080510,80202000,75012200,74.23,69.42,"I Trimestre",Distribucion,"2026 1"
"Febrero   ",2026,CNFL,Residencial,540780,127811900,9288506000,8913246000,72.67,69.74,"I Trimestre",Distribucion,"2026 1"
"Febrero   ",2026,"TOTAL NACIONAL",Promocional,30,509189,40127739,38479660,78.81,75.57,"I Trimestre",Distribucion,"2026 1"
"Febrero   ",2026,ESPH,Residencial,85603,21633030,1676898000,1615836000,77.52,74.69,"I Trimestre",Distribucion,"2026 1"
"Febrero   ",2026,CNFL,Promocional,30,509189,40127739,38479660,78.81,75.57,"I Trimestre",Distribucion,"2026 1"
"Febrero   ",2026,JASEC,Preferencial,655,872726,53695910,53465270,61.53,61.26,"I Trimestre",Distribucion,"2026 1"
"Febrero   ",2026,ICE,Preferencial,6786,8758750,690603800,659646500,78.85,75.31,"I Trimestre",Distribucion,"2026 1"
"Febrero   ",2026,ESPH,Preferencial,945,4336808,252976780,244226680,58.33,56.31,"I Trimestre",Distribucion,"2026 1"
"Febrero   ",2026,COOPESANTOS,Preferencial,516,120932.1,15702830,15167330,129.85,125.42,"I Trimestre",Distribucion,"2026 1"
"Febrero   ",2026,CNFL,Preferencial,3246,13101926,714977900,686137800,54.57,52.37,"I Trimestre",Distribucion,"2026 1"
"Febrero   ",2026,"TOTAL NACIONAL","Media tensión b",405,128995924,7274164100,6994759500,56.39,54.22,"I Trimestre",Distribucion,"2026 1"
"Febrero   ",2026,"TOTAL NACIONAL",Preferencial,12148,27191142.1,1727957220,1658643580,63.55,61,"I Trimestre",Distribucion,"2026 1"
"Febrero   ",2026,ICE,Residencial,808522,163171800,13787380000,13170190000,84.5,80.71,"I Trimestre",Distribucion,"2026 1"
"Febrero   ",2026,JASEC,Residencial,95351,23697030,1594046000,1596599000,67.27,67.38,"I Trimestre",Distribucion,"2026 1"
"Febrero   ",2026,"TOTAL NACIONAL",Residencial,1777578,393123516,30869642200,29655801800,78.52,75.44,"I Trimestre",Distribucion,"2026 1"
"Febrero   ",2026,ESPH,"Ventas al servicio de Distribución",0,11021530,543028165.9,500819413.4,49.27,45.44,"I Trimestre",Generacion,"2026 1"
"Febrero   ",2026,COOPESANTOS,"Ventas al servicio de Distribución",0,0,44273212.23,40833173.38,0,0,"I Trimestre",Generacion,"2026 1"
"Febrero   ",2026,COOPELESCA,"Ventas al servicio de Distribución",0,0,-115904929.23,45.02,0,0,"I Trimestre",Generacion,"2026 1"
"Febrero   ",2026,COOPEGUANACASTE,"Ventas al servicio de Distribución",0,22601888,1079435127.26,903304469.74,47.76,39.97,"I Trimestre",Generacion,"2026 1"
"Febrero   ",2026,COOPEALFARORUIZ,"Ventas al servicio de Distribución",0,0,7766630.9,7163161.88,0,0,"I Trimestre",Generacion,"2026 1"
"Febrero   ",2026,"TOTAL NACIONAL","Ventas a ICE distribución y a la CNFL",0,698862674.93,28631532771.72,26408491365.44,40.97,37.79,"I Trimestre",Generacion,"2026 1"
"Febrero   ",2026,ICE,"Ventas a ICE distribución y a la CNFL",0,423741703.93,17199086628.74,15863682804.52,40.59,37.44,"I Trimestre",Generacion,"2026 1"
"Febrero   ",2026,CNFL,"Ventas a ICE distribución y a la CNFL",0,275120971,11432446142.98,10544808560.92,41.55,38.33,"I Trimestre",Generacion,"2026 1"
"Febrero   ",2026,"Usuarios Directos","Usuarios Directos",17,36344440,838025500,776754500,23.06,21.37,"I Trimestre",Generacion,"2026 1"
"Febrero   ",2026,"TOTAL NACIONAL","Residencial modalidad prepago",5,658.49,48762.97,46806.63,74.05,71.08,"I Trimestre",Distribucion,"2026 1"
"Febrero   ",2026,COOPELESCA,"Residencial modalidad prepago",5,658.49,48762.97,46806.63,74.05,71.08,"I Trimestre",Distribucion,"2026 1"
"Febrero   ",2026,"TOTAL NACIONAL","Residencial horaria",10070,5762598,370924333,355909585,64.37,61.76,"I Trimestre",Distribucion,"2026 1"
"Febrero   ",2026,ESPH,"Residencial horaria",26,15572,1217773,1175675,78.2,75.5,"I Trimestre",Distribucion,"2026 1"
"Febrero   ",2026,ICE,"Residencial horaria",186,117210,10800860,10324510,92.15,88.09,"I Trimestre",Distribucion,"2026 1"
"Febrero   ",2026,CNFL,"Residencial horaria",9858,5629816,358905700,344409400,63.75,61.18,"I Trimestre",Distribucion,"2026 1"
"Febrero   ",2026,ESPH,"Media tensión b",8,7205815,401258100,387372400,55.69,53.76,"I Trimestre",Distribucion,"2026 1"
"Febrero   ",2026,ICE,"Media tensión b",230,71343930,3933414000,3757191000,55.13,52.66,"I Trimestre",Distribucion,"2026 1"
"Febrero   ",2026,JASEC,"Media tensión b",24,15821550,880110400,873646100,55.63,55.22,"I Trimestre",Distribucion,"2026 1"
"Febrero   ",2026,COOPELESCA,"Media tensión b",17,7687279,505124600,485068000,65.71,63.1,"I Trimestre",Distribucion,"2026 1"
"Febrero   ",2026,ICE,"Comercios y servicios",117795,97590670,9935388860,9490601510,101.81,97.25,"I Trimestre",Distribucion,"2026 1"
"Febrero   ",2026,ESPH,"Comercios y servicios",11795,16329743,1324554673,1278732675,81.11,78.31,"I Trimestre",Distribucion,"2026 1"
"Febrero   ",2026,COOPESANTOS,"Comercios y servicios",3934,2046589.8,310952550,300342080,151.94,146.75,"I Trimestre",Distribucion,"2026 1"
"Febrero   ",2026,COOPELESCA,"Comercios y servicios",14895,15471154,1399114800,1343750800,90.43,86.86,"I Trimestre",Distribucion,"2026 1"
"Febrero   ",2026,COOPEGUANACASTE,"Comercios y servicios",20128,27905807,2399196200,2318269800,85.97,83.07,"I Trimestre",Distribucion,"2026 1"
"Febrero   ",2026,COOPEALFARORUIZ,"Comercios y servicios",2400,1112065,107730990,100764210,96.87,90.61,"I Trimestre",Distribucion,"2026 1"
"Febrero   ",2026,CNFL,"Comercios y servicios",76572,94123070,9222792000,8850176000,97.99,94.03,"I Trimestre",Distribucion,"2026 1"
"Febrero   ",2026,"TOTAL NACIONAL","Alumbrado Público",0,19392255.23,878591450.43,878591450.43,45.31,45.31,"I Trimestre",Distribucion,"2026 1"
"Febrero   ",2026,JASEC,"Alumbrado Público",0,1158504.98,53045510.09,53045510.09,45.79,45.79,"I Trimestre",Distribucion,"2026 1"
"Febrero   ",2026,ICE,"Alumbrado Público",0,11088893.76,484400867.62,484400867.62,43.68,43.68,"I Trimestre",Distribucion,"2026 1"
"Febrero   ",2026,ESPH,"Alumbrado Público",0,581481.1,26358538.35,26358538.35,45.33,45.33,"I Trimestre",Distribucion,"2026 1"
"Febrero   ",2026,COOPESANTOS,"Alumbrado Público",0,361483,18005600.1,18005600.1,49.81,49.81,"I Trimestre",Distribucion,"2026 1"
"Febrero   ",2026,COOPELESCA,"Alumbrado Público",0,812920.67,33572045.03,33572045.03,41.3,41.3,"I Trimestre",Distribucion,"2026 1"
"Febrero   ",2026,COOPEGUANACASTE,"Alumbrado Público",0,646433.54,24551545.85,24551545.85,37.98,37.98,"I Trimestre",Distribucion,"2026 1"
"Febrero   ",2026,COOPEALFARORUIZ,"Alumbrado Público",0,31595.41,1384826.82,1384826.82,43.83,43.83,"I Trimestre",Distribucion,"2026 1"
"Febrero   ",2026,JASEC,"Comercios y servicios",16365,11347645,958127600,955669000,84.43,84.22,"I Trimestre",Distribucion,"2026 1"
"Febrero   ",2026,JASEC,"Ventas al servicio de Distribución",0,46965029,1918710683.49,1769604153.18,40.85,37.68,"I Trimestre",Generacion,"2026 1"
"Febrero   ",2026,"TOTAL NACIONAL","Comercios y servicios",263884,265926743.8,25657857673,24638306075,96.48,92.65,"I Trimestre",Distribucion,"2026 1"
"Febrero   ",2026,COOPEALFARORUIZ,Industrial,28,234515,22103542,20670214,94.25,88.14,"I Trimestre",Distribucion,"2026 1"
"Febrero   ",2026,CNFL,"Media tensión b",126,26937350,1554257000,1491482000,57.7,55.37,"I Trimestre",Distribucion,"2026 1"
"Febrero   ",2026,"TOTAL NACIONAL","Media tensión a",798,80509390.2,5596302480,5374241390,69.51,66.75,"I Trimestre",Distribucion,"2026 1"
"Febrero   ",2026,JASEC,"Media tensión a",28,7446187,470313700,468495300,63.16,62.92,"I Trimestre",Distribucion,"2026 1"
"Febrero   ",2026,ICE,"Media tensión a",548,49218600,3293037000,3145496000,66.91,63.91,"I Trimestre",Distribucion,"2026 1"
"Febrero   ",2026,ESPH,"Media tensión a",6,624015,38597830,37260640,61.85,59.71,"I Trimestre",Distribucion,"2026 1"
"Febrero   ",2026,COOPESANTOS,"Media tensión a",8,1049566,97258660,93943160,92.67,89.51,"I Trimestre",Distribucion,"2026 1"
"Febrero   ",2026,COOPELESCA,"Media tensión a",2,561982.2,47088290,45200290,83.79,80.43,"I Trimestre",Distribucion,"2026 1"
"Febrero   ",2026,CNFL,"Media tensión a",206,21609040,1650007000,1583846000,76.36,73.3,"I Trimestre",Distribucion,"2026 1"
"Febrero   ",2026,"TOTAL NACIONAL",Industrial,7316,31096472.85,2987116780,2880199266,96.06,92.62,"I Trimestre",Distribucion,"2026 1"
"Febrero   ",2026,JASEC,Industrial,553,5560189,459713340,456945600,82.68,82.18,"I Trimestre",Distribucion,"2026 1"
"Febrero   ",2026,ICE,Industrial,2928,10168071,1050353100,1003279800,103.3,98.67,"I Trimestre",Distribucion,"2026 1"
"Febrero   ",2026,ESPH,Industrial,341,3712766,281358200,271635740,75.78,73.16,"I Trimestre",Distribucion,"2026 1"
"Febrero   ",2026,COOPESANTOS,Industrial,209,288526,48448460,46795860,167.92,162.19,"I Trimestre",Distribucion,"2026 1"
"Febrero   ",2026,COOPELESCA,Industrial,1669,3823989,365305260,350569550,95.53,91.68,"I Trimestre",Distribucion,"2026 1"
"Febrero   ",2026,COOPEGUANACASTE,Industrial,232,1864123.85,176451478,170499282,94.66,91.46,"I Trimestre",Distribucion,"2026 1"
"Febrero   ",2026,CNFL,Industrial,1356,5444293,583383400,559803220,107.16,102.82,"I Trimestre",Distribucion,"2026 1"
"Febrero   ",2026,"TOTAL NACIONAL","Ventas al servicio de Distribución",0,80588447,3477308890.55,3221724416.6,43.15,39.98,"I Trimestre",Generacion,"2026 1"
"Enero     ",2026,CNFL,"Alumbrado Público",0,5233000.05,260375111.09,260375111.09,49.76,49.76,"I Trimestre",Distribucion,"2026 1"
"Enero     ",2026,COOPESANTOS,Residencial,49773,7376674.29,632210000,644996500,85.7,87.44,"I Trimestre",Distribucion,"2026 1"
"Enero     ",2026,COOPELESCA,Residencial,108397,19844657.99,1557244000,1592448000,78.47,80.25,"I Trimestre",Distribucion,"2026 1"
"Enero     ",2026,COOPEGUANACASTE,Residencial,82435,31597961.8,2344376000,2547121000,74.19,80.61,"I Trimestre",Distribucion,"2026 1"
"Enero     ",2026,COOPEALFARORUIZ,Residencial,6359,1497621,119220800,111505800,79.61,74.46,"I Trimestre",Distribucion,"2026 1"
"Enero     ",2026,CNFL,Residencial,540272,125474963,8480966000,9489006000,67.59,75.62,"I Trimestre",Distribucion,"2026 1"
"Enero     ",2026,"TOTAL NACIONAL",Promocional,30,516839,45555375,43691695,88.14,84.54,"I Trimestre",Distribucion,"2026 1"
"Enero     ",2026,ESPH,Residencial,85524,22133746,1564845000,1766442000,70.7,79.81,"I Trimestre",Distribucion,"2026 1"
"Enero     ",2026,CNFL,Promocional,30,516839,45555375,43691695,88.14,84.54,"I Trimestre",Distribucion,"2026 1"
"Enero     ",2026,JASEC,Preferencial,654,824227,42458150,48308070,51.51,58.61,"I Trimestre",Distribucion,"2026 1"
"Enero     ",2026,ICE,Preferencial,6787,8468533,615395500,676119800,72.67,79.84,"I Trimestre",Distribucion,"2026 1"
"Enero     ",2026,ESPH,Preferencial,945,3865725,203584620,243929840,52.66,63.1,"I Trimestre",Distribucion,"2026 1"
"Enero     ",2026,COOPESANTOS,Preferencial,513,97980.8,12394210,12598780,126.5,128.58,"I Trimestre",Distribucion,"2026 1"
"Enero     ",2026,CNFL,Preferencial,3224,12765134,659754010,710319900,51.68,55.65,"I Trimestre",Distribucion,"2026 1"
"Enero     ",2026,"TOTAL NACIONAL","Media tensión b",403,131263414.36,7116047300,7167600300,54.21,54.6,"I Trimestre",Distribucion,"2026 1"
"Enero     ",2026,"TOTAL NACIONAL",Preferencial,12123,26021599.8,1533586490,1691276390,58.94,65,"I Trimestre",Distribucion,"2026 1"
"Enero     ",2026,ICE,Residencial,806915,163351194,12747400000,14515510000,78.04,88.86,"I Trimestre",Distribucion,"2026 1"
"Enero     ",2026,JASEC,Residencial,95260,23536015,1285940000,1654872000,54.64,70.31,"I Trimestre",Distribucion,"2026 1"
"Enero     ",2026,"TOTAL NACIONAL",Residencial,1774935,394812833.08,28732201800,32321901300,72.77,81.87,"I Trimestre",Distribucion,"2026 1"
"Enero     ",2026,ESPH,"Ventas al servicio de Distribución",0,13647615,635425123.81,586027116.14,46.56,42.94,"I Trimestre",Generacion,"2026 1"
"Enero     ",2026,COOPESANTOS,"Ventas al servicio de Distribución",0,3765394,183193442.15,168956702.41,48.65,44.87,"I Trimestre",Generacion,"2026 1"
"Enero     ",2026,COOPELESCA,"Ventas al servicio de Distribución",0,7665471,137511358.77,253416333.02,17.94,33.06,"I Trimestre",Generacion,"2026 1"
"Enero     ",2026,COOPEGUANACASTE,"Ventas al servicio de Distribución",0,34789586,1368065365.26,1261723466.13,39.32,36.27,"I Trimestre",Generacion,"2026 1"
"Enero     ",2026,COOPEALFARORUIZ,"Ventas al servicio de Distribución",0,2215449,258439180.82,251225573.33,116.65,113.4,"I Trimestre",Generacion,"2026 1"
"Enero     ",2026,"TOTAL NACIONAL","Ventas a ICE distribución y a la CNFL",0,758973062.41,30400334167.24,28039992295.03,40.05,36.94,"I Trimestre",Generacion,"2026 1"
"Enero     ",2026,ICE,"Ventas a ICE distribución y a la CNFL",0,457519628.41,18215898666.95,16801569773.82,39.81,36.72,"I Trimestre",Generacion,"2026 1"
"Enero     ",2026,CNFL,"Ventas a ICE distribución y a la CNFL",0,301453434,12184435500.29,11238422521.21,40.42,37.28,"I Trimestre",Generacion,"2026 1"
"Enero     ",2026,"Usuarios Directos","Usuarios Directos",17,42306528,1144660000,1071305000,27.06,25.32,"I Trimestre",Generacion,"2026 1"
"Enero     ",2026,"TOTAL NACIONAL","Residencial modalidad prepago",6,817.06,56470.78,59642.7,69.11,73,"I Trimestre",Distribucion,"2026 1"
"Enero     ",2026,COOPELESCA,"Residencial modalidad prepago",6,817.06,56470.78,59642.7,69.11,73,"I Trimestre",Distribucion,"2026 1"
"Enero     ",2026,"TOTAL NACIONAL","Residencial horaria",9962,5520578,337778614,373134749,61.19,67.59,"I Trimestre",Distribucion,"2026 1"
"Enero     ",2026,ESPH,"Residencial horaria",26,15782,1057244,1281509,66.99,81.2,"I Trimestre",Distribucion,"2026 1"
"Enero     ",2026,ICE,"Residencial horaria",183,114070,10106870,11575740,88.6,101.48,"I Trimestre",Distribucion,"2026 1"
"Enero     ",2026,CNFL,"Residencial horaria",9753,5390726,326614500,360277500,60.59,66.83,"I Trimestre",Distribucion,"2026 1"
"Enero     ",2026,ESPH,"Media tensión b",8,5853220,298076500,361288600,50.93,61.72,"I Trimestre",Distribucion,"2026 1"
"Enero     ",2026,ICE,"Media tensión b",231,75047057,4073691000,3968695000,54.28,52.88,"I Trimestre",Distribucion,"2026 1"
"Enero     ",2026,JASEC,"Media tensión b",22,15361837,696994800,847146500,45.37,55.15,"I Trimestre",Distribucion,"2026 1"
"Enero     ",2026,COOPELESCA,"Media tensión b",17,6493314.36,427008000,435635200,65.76,67.09,"I Trimestre",Distribucion,"2026 1"
"Enero     ",2026,ICE,"Comercios y servicios",117426,95580504,9036625870,10176699740,94.54,106.47,"I Trimestre",Distribucion,"2026 1"
"Enero     ",2026,ESPH,"Comercios y servicios",11755,15838932,1151665044,1351858609,72.71,85.35,"I Trimestre",Distribucion,"2026 1"
"Enero     ",2026,COOPESANTOS,"Comercios y servicios",3950,2084036.07,308427750,309688120,148,148.6,"I Trimestre",Distribucion,"2026 1"
"Enero     ",2026,COOPELESCA,"Comercios y servicios",14868,17298984.06,1516957500,1550288800,87.69,89.62,"I Trimestre",Distribucion,"2026 1"
"Enero     ",2026,COOPEGUANACASTE,"Comercios y servicios",20080,28572617.79,2314609600,2484230800,81.01,86.94,"I Trimestre",Distribucion,"2026 1"
"Enero     ",2026,COOPEALFARORUIZ,"Comercios y servicios",2030,873088,83808050,78390400,95.99,89.79,"I Trimestre",Distribucion,"2026 1"
"Enero     ",2026,CNFL,"Comercios y servicios",76522,90080919.47,8176133000,9361412000,90.76,103.92,"I Trimestre",Distribucion,"2026 1"
"Enero     ",2026,"TOTAL NACIONAL","Alumbrado Público",0,21543832.94,984395604.91,984395604.91,45.69,45.69,"I Trimestre",Distribucion,"2026 1"
"Enero     ",2026,JASEC,"Alumbrado Público",0,1281780.06,58690016.92,58690016.92,45.79,45.79,"I Trimestre",Distribucion,"2026 1"
"Enero     ",2026,ICE,"Alumbrado Público",0,12334482.12,531211860.37,531211860.37,43.07,43.07,"I Trimestre",Distribucion,"2026 1"
"Enero     ",2026,ESPH,"Alumbrado Público",0,646354.68,29325111.88,29325111.88,45.37,45.37,"I Trimestre",Distribucion,"2026 1"
"Enero     ",2026,COOPESANTOS,"Alumbrado Público",0,398365,19842492.8,19842492.8,49.81,49.81,"I Trimestre",Distribucion,"2026 1"
"Enero     ",2026,COOPELESCA,"Alumbrado Público",0,898385.67,37101583.77,37101583.77,41.3,41.3,"I Trimestre",Distribucion,"2026 1"
"Enero     ",2026,COOPEGUANACASTE,"Alumbrado Público",0,716720.59,46357487.76,46357487.76,64.68,64.68,"I Trimestre",Distribucion,"2026 1"
"Enero     ",2026,COOPEALFARORUIZ,"Alumbrado Público",0,34744.77,1491940.31,1491940.31,42.94,42.94,"I Trimestre",Distribucion,"2026 1"
"Enero     ",2026,JASEC,"Comercios y servicios",16332,11505856.24,840954800,998559300,73.09,86.79,"I Trimestre",Distribucion,"2026 1"
"Enero     ",2026,JASEC,"Ventas al servicio de Distribución",0,54849162,2171782936.1,2003003875.35,39.6,36.52,"I Trimestre",Generacion,"2026 1"
"Enero     ",2026,"TOTAL NACIONAL","Comercios y servicios",262963,261834937.63,23429181614,26311127769,89.48,100.49,"I Trimestre",Distribucion,"2026 1"
"Enero     ",2026,COOPEALFARORUIZ,Industrial,25,240925,22448529.5,20991165.8,93.18,87.13,"I Trimestre",Distribucion,"2026 1"
"Enero     ",2026,CNFL,"Media tensión b",125,28507986,1620277000,1554835000,56.84,54.54,"I Trimestre",Distribucion,"2026 1"
"Enero     ",2026,"TOTAL NACIONAL","Media tensión a",797,83360389.72,5444047290,5528086950,65.31,66.32,"I Trimestre",Distribucion,"2026 1"
"Enero     ",2026,JASEC,"Media tensión a",29,8159375,436349400,491673500,53.48,60.26,"I Trimestre",Distribucion,"2026 1"
"Enero     ",2026,ICE,"Media tensión a",545,48856793,3112066000,3205232000,63.7,65.6,"I Trimestre",Distribucion,"2026 1"
"Enero     ",2026,ESPH,"Media tensión a",6,622525,35409620,42919420,56.88,68.94,"I Trimestre",Distribucion,"2026 1"
"Enero     ",2026,COOPESANTOS,"Media tensión a",8,1328840.12,106925000,103279100,80.46,77.72,"I Trimestre",Distribucion,"2026 1"
"Enero     ",2026,COOPELESCA,"Media tensión a",2,744057.6,54776270,55030930,73.62,73.96,"I Trimestre",Distribucion,"2026 1"
"Enero     ",2026,CNFL,"Media tensión a",207,23648799,1698521000,1629952000,71.82,68.92,"I Trimestre",Distribucion,"2026 1"
"Enero     ",2026,"TOTAL NACIONAL",Industrial,7307,28922414.95,2654003581.5,2897369892.8,91.76,100.18,"I Trimestre",Distribucion,"2026 1"
"Enero     ",2026,JASEC,Industrial,551,5029515,406406540,438100010,80.8,87.11,"I Trimestre",Distribucion,"2026 1"
"Enero     ",2026,ICE,Industrial,2935,9865065,976042100,1054701500,98.94,106.91,"I Trimestre",Distribucion,"2026 1"
"Enero     ",2026,ESPH,Industrial,341,3570674,240571060,290128860,67.37,81.25,"I Trimestre",Distribucion,"2026 1"
"Enero     ",2026,COOPESANTOS,Industrial,199,283396.17,45076160,44279380,159.06,156.25,"I Trimestre",Distribucion,"2026 1"
"Enero     ",2026,COOPELESCA,Industrial,1671,4007982.07,371932500,378030000,92.8,94.32,"I Trimestre",Distribucion,"2026 1"
"Enero     ",2026,COOPEGUANACASTE,Industrial,231,1341862.71,125578272,139582377,93.59,104.02,"I Trimestre",Distribucion,"2026 1"
"Enero     ",2026,CNFL,Industrial,1354,4582995,465948420,531556600,101.67,115.98,"I Trimestre",Distribucion,"2026 1"
"Enero     ",2026,"TOTAL NACIONAL","Ventas al servicio de Distribución",0,116932677,4754417406.91,4524353066.38,40.66,38.69,"I Trimestre",Generacion,"2026 1"
